Timestamp,Idade,Faixa Etária,Gênero,Escolaridade,Ocupação,Renda,X Contágio,Contágio Família,Estado,Cidade,Bairro,Região,Tipo Moradia,N Coabitação,Fonte Informação,Microorganismo,Nota Microorganismo,Formas Contágio,Nota Contágio,Sintomas,Nota Sintomas,Prevenção,Nota Prevenção,Combate,Nota Combate,Nota Final,Tratamento,Saneamento,Governo,Ações,Preocupação,Vacina
2024/03/14 7:50:15 PM GMT-3,22,20-29,Masculino,Médio completo,Trabalho;Estudo,4 a 6 salários mínimos,Nenhuma,Não,RR,Boa Vista,Caranã,,Casa,5,"Internet (redes sociais, sites oficiais)",Vírus,100,Picada do mosquito Aedes Aegypt,"100,00",Febre;Dores no corpo;Tosse;Dor de garganta,"50,00",Usar repelente;Tomar uma vacina,"100,00","Não deixar água parada em garrafas, vasos de planta e pneus;Manter lixeiras tampadas e protegidas da chuva;Retirar água de plantas que acumulam água, como as bromélias;Limpar as calhas;Descartar adequadamente objetos que acumulam água","100,00",90,Nunca tive dengue,4,2,Nunca,Nada preocupado,Não tomaria
2024/03/14 7:52:00 PM GMT-3,43,40-49,Feminino,Médio completo,Trabalho,4 a 6 salários mínimos,Uma,Sim,SC,Joinville,Fátima,Sudeste,Casa,4,"Internet (redes sociais, sites oficiais)",Vírus,100,Picada do mosquito Aedes Aegypt,"100,00",Febre;Dores no corpo;Manchas pelo corpo,"100,00",Usar repelente;Tomar uma vacina,"100,00","Não deixar água parada em garrafas, vasos de planta e pneus;Manter lixeiras tampadas e protegidas da chuva;Retirar água de plantas que acumulam água, como as bromélias;Limpar as calhas;Descartar adequadamente objetos que acumulam água","100,00",100,Insatisfatório,1,1,Frequentemente,Moderadamente preocupado,Talvez tomaria
2024/03/14 7:52:23 PM GMT-3,23,20-29,Feminino,Médio completo,Estudo,1 a 3 salários mínimos,Nenhuma,Sim,SC,Joinville,Anita Garibaldi,Centro,Apartamento,2,"Internet (redes sociais, sites oficiais)",Parasita,0,Picada do mosquito Aedes Aegypt,"100,00",Febre;Dores no corpo;Perda do olfato e paladar;Manchas pelo corpo,"83,33",Usar repelente;Tomar uma vacina,"100,00","Não deixar água parada em garrafas, vasos de planta e pneus;Manter lixeiras tampadas e protegidas da chuva;Retirar água de plantas que acumulam água, como as bromélias;Limpar as calhas;Descartar adequadamente objetos que acumulam água","100,00","76,67",Nunca tive dengue,3,3,Frequentemente,Moderadamente preocupado,Certamente tomaria
2024/03/14 7:54:52 PM GMT-3,19,10-19,Feminino,Médio completo,Estudo,4 a 6 salários mínimos,Nenhuma,Não,SC,Joinville,Boa Vista,Leste,Casa,2,"Internet (redes sociais, sites oficiais)",Vírus,100,Picada do mosquito Aedes Aegypt,"100,00",Febre;Dores no corpo,"83,33",Usar repelente;Tomar uma vacina,"100,00","Não deixar água parada em garrafas, vasos de planta e pneus;Manter lixeiras tampadas e protegidas da chuva;Limpar as calhas","60,00","88,67",Nunca tive dengue,3,2,Às vezes,Pouco preocupado,Talvez tomaria
2024/03/14 7:55:01 PM GMT-3,24,20-29,Outro,Superior completo,Trabalho;Estudo,Até 1 salário mínimo,Três ou mais,Sim,XX,XX,Polivalente,,Casa,3,Amigos e familiares,Vírus,100,Picada do mosquito Aedes Aegypt,"100,00",Febre;Dores no corpo;Perda do olfato e paladar,"66,67",Usar repelente;Tomar uma vacina,"100,00","Não deixar água parada em garrafas, vasos de planta e pneus;Manter lixeiras tampadas e protegidas da chuva;Retirar água de plantas que acumulam água, como as bromélias;Limpar as calhas;Descartar adequadamente objetos que acumulam água","100,00","93,33",Muito satisfatório,1,5,Raramente,Nada preocupado,Certamente tomaria
2024/03/14 7:55:07 PM GMT-3,23,20-29,Feminino,Superior completo,Trabalho,1 a 3 salários mínimos,Nenhuma,Sim,SC,Joinville,Floresta,Sul,Apartamento,1,"Internet (redes sociais, sites oficiais)",Parasita,0,Picada do mosquito Aedes Aegypt,"100,00",Febre;Dores no corpo;Manchas pelo corpo,"100,00",Usar repelente;Tomar uma vacina,"100,00","Não deixar água parada em garrafas, vasos de planta e pneus;Manter lixeiras tampadas e protegidas da chuva;Limpar as calhas;Descartar adequadamente objetos que acumulam água","80,00",76,Nunca tive dengue,3,3,Raramente,Moderadamente preocupado,Certamente tomaria
2024/03/14 7:56:30 PM GMT-3,41,40-49,Feminino,Médio completo,,Prefiro não informar,Nenhuma,Sim,SC,Joinville,Bom Retiro,Norte,Apartamento,1,"Mídia tradicional (TV, rádio, jornal)",Parasita,0,Picada do mosquito Aedes Aegypt,"100,00",Febre;Dores no corpo;Manchas pelo corpo,"100,00",Usar repelente;Tomar uma vacina,"100,00","Não deixar água parada em garrafas, vasos de planta e pneus;Manter lixeiras tampadas e protegidas da chuva;Retirar água de plantas que acumulam água, como as bromélias;Limpar as calhas;Descartar adequadamente objetos que acumulam água","100,00",80,Nunca tive dengue,4,4,Sempre,Extremamente preocupado,Certamente tomaria
2024/03/14 7:56:43 PM GMT-3,21,20-29,Masculino,Superior completo,Trabalho;Estudo,11 ou mais salários mínimos,Nenhuma,Sim,SC,Joinville,Nova Brasília,Sudoeste,Casa,4,"Internet (redes sociais, sites oficiais)",Vírus,100,Picada do mosquito Aedes Aegypt,"100,00",Febre;Dores no corpo,"83,33",Usar repelente;Tomar uma vacina,"100,00","Não deixar água parada em garrafas, vasos de planta e pneus;Manter lixeiras tampadas e protegidas da chuva;Retirar água de plantas que acumulam água, como as bromélias;Limpar as calhas;Descartar adequadamente objetos que acumulam água","100,00","96,67",Nunca tive dengue,4,3,Frequentemente,Moderadamente preocupado,Certamente tomaria
2024/03/14 7:57:37 PM GMT-3,25,20-29,Feminino,Médio completo,Trabalho,1 a 3 salários mínimos,Uma,Sim,SC,Joinville,Jarivatuba,Sudeste,Casa,1,"Internet (redes sociais, sites oficiais)",Vírus,100,Picada do mosquito Aedes Aegypt,"100,00",Febre;Dores no corpo;Manchas pelo corpo,"100,00",Usar repelente,"66,67","Não deixar água parada em garrafas, vasos de planta e pneus;Manter lixeiras tampadas e protegidas da chuva;Retirar água de plantas que acumulam água, como as bromélias;Limpar as calhas;Descartar adequadamente objetos que acumulam água","100,00","93,33",Satisfatório,4,3,Frequentemente,Extremamente preocupado,Certamente tomaria
2024/03/14 7:57:54 PM GMT-3,22,20-29,Feminino,Médio completo,Trabalho,1 a 3 salários mínimos,Uma,Sim,SC,Joinville,Costa e Silva,Norte,Casa,3,Profissionais de saúde,Vírus,100,Picada do mosquito Aedes Aegypt,"100,00",Febre;Dores no corpo;Manchas pelo corpo,"100,00",Usar repelente,"66,67","Não deixar água parada em garrafas, vasos de planta e pneus;Manter lixeiras tampadas e protegidas da chuva;Retirar água de plantas que acumulam água, como as bromélias;Limpar as calhas;Descartar adequadamente objetos que acumulam água","100,00","93,33",Moderadamente satisfatório,4,4,Frequentemente,Extremamente preocupado,Certamente tomaria
2024/03/14 7:58:03 PM GMT-3,30,30-39,Masculino,Superior completo,Trabalho,11 ou mais salários mínimos,Nenhuma,Sim,SC,Joinville,Atiradores,Centro,Apartamento,3,Profissionais de saúde,Vírus,100,Picada do mosquito Aedes Aegypt,"100,00",Febre;Dores no corpo,"83,33",Usar repelente;Tomar uma vacina,"100,00","Não deixar água parada em garrafas, vasos de planta e pneus;Manter lixeiras tampadas e protegidas da chuva;Retirar água de plantas que acumulam água, como as bromélias;Limpar as calhas;Descartar adequadamente objetos que acumulam água","100,00","96,67",Nunca tive dengue,5,1,Sempre,Pouco preocupado,Certamente tomaria
2024/03/14 8:00:25 PM GMT-3,42,40-49,Feminino,Médio completo,Trabalho,4 a 6 salários mínimos,Nenhuma,Sim,SC,Joinville,Iririú,Nordeste,Casa,3,Profissionais de saúde,Vírus,100,Picada do mosquito Aedes Aegypt,"100,00",Febre;Dores no corpo;Manchas pelo corpo,"100,00",Usar repelente,"66,67","Não deixar água parada em garrafas, vasos de planta e pneus;Manter lixeiras tampadas e protegidas da chuva;Retirar água de plantas que acumulam água, como as bromélias;Limpar as calhas;Descartar adequadamente objetos que acumulam água","100,00","93,33",Nunca tive dengue,3,1,Sempre,Muito preocupado,Não tomaria
2024/03/14 8:00:50 PM GMT-3,57,50-59,Masculino,Superior completo,Trabalho,4 a 6 salários mínimos,Nenhuma,Sim,SC,Joinville,Iririú,Nordeste,Apartamento,1,"Internet (redes sociais, sites oficiais)",Vírus,100,Picada do mosquito Aedes Aegypt,"100,00",Febre;Dores no corpo,"83,33",Usar repelente,"66,67","Não deixar água parada em garrafas, vasos de planta e pneus;Manter lixeiras tampadas e protegidas da chuva;Retirar água de plantas que acumulam água, como as bromélias;Limpar as calhas;Descartar adequadamente objetos que acumulam água","100,00",90,Nunca tive dengue,3,3,Às vezes,Moderadamente preocupado,Não tomaria
2024/03/14 8:04:09 PM GMT-3,28,20-29,Feminino,Superior completo,Trabalho,7 a 10 salários mínimos,Nenhuma,Sim,SC,Joinville,Aventureiro,Nordeste,Casa,2,"Internet (redes sociais, sites oficiais)",Vírus,100,Picada do mosquito Aedes Aegypt,"100,00",Febre;Dores no corpo;Manchas pelo corpo,"100,00",Usar repelente;Tomar uma vacina,"100,00","Não deixar água parada em garrafas, vasos de planta e pneus;Manter lixeiras tampadas e protegidas da chuva;Limpar as calhas;Descartar adequadamente objetos que acumulam água","80,00",96,Nunca tive dengue,5,2,Às vezes,Muito preocupado,Certamente tomaria
2024/03/14 8:04:58 PM GMT-3,36,30-39,Masculino,Médio completo,Trabalho;Estudo,11 ou mais salários mínimos,Nenhuma,Sim,SC,Joinville,Costa e Silva,Norte,Apartamento,2,"Mídia tradicional (TV, rádio, jornal)",Vírus,100,Picada do mosquito Aedes Aegypt,"100,00",Febre;Dores no corpo;Manchas pelo corpo,"100,00",Usar repelente;Tomar uma vacina,"100,00","Não deixar água parada em garrafas, vasos de planta e pneus;Manter lixeiras tampadas e protegidas da chuva;Retirar água de plantas que acumulam água, como as bromélias;Limpar as calhas;Descartar adequadamente objetos que acumulam água","100,00",100,Nunca tive dengue,3,3,Às vezes,Moderadamente preocupado,Talvez tomaria
2024/03/14 8:05:19 PM GMT-3,39,30-39,Feminino,Superior completo,Estudo,1 a 3 salários mínimos,Duas,Sim,SC,Joinville,Itinga,Sul,Casa,4,Profissionais de saúde,Parasita,0,Picada do mosquito Aedes Aegypt,"100,00",Febre;Dores no corpo;Manchas pelo corpo,"100,00",Usar repelente;Tomar uma vacina,"100,00","Não deixar água parada em garrafas, vasos de planta e pneus;Manter lixeiras tampadas e protegidas da chuva;Retirar água de plantas que acumulam água, como as bromélias;Limpar as calhas;Descartar adequadamente objetos que acumulam água","100,00",80,Pouco satisfatório,1,1,Sempre,Muito preocupado,Certamente tomaria
2024/03/14 8:07:01 PM GMT-3,17,10-19,Feminino,Fundamental completo,Estudo,Prefiro não informar,Uma,Sim,SC,Joinville,Fátima,Sudeste,Casa,3,"Mídia tradicional (TV, rádio, jornal)",Vírus,100,Picada do mosquito Aedes Aegypt,"100,00",Febre;Dores no corpo;Manchas pelo corpo,"100,00",Usar repelente;Tomar uma vacina,"100,00","Não deixar água parada em garrafas, vasos de planta e pneus;Manter lixeiras tampadas e protegidas da chuva;Retirar água de plantas que acumulam água, como as bromélias;Limpar as calhas;Descartar adequadamente objetos que acumulam água","100,00",100,Insatisfatório,1,1,Frequentemente,Moderadamente preocupado,Certamente tomaria
2024/03/14 8:07:59 PM GMT-3,23,20-29,Masculino,Médio completo,Estudo,4 a 6 salários mínimos,Nenhuma,Sim,RR,Boa Vista,Centenário,,Casa,3,"Internet (redes sociais, sites oficiais)",Vírus,100,Picada do mosquito Aedes Aegypt,"100,00",Febre;Dores no corpo;Manchas pelo corpo,"100,00",Usar repelente;Tomar uma vacina,"100,00","Não deixar água parada em garrafas, vasos de planta e pneus;Manter lixeiras tampadas e protegidas da chuva;Retirar água de plantas que acumulam água, como as bromélias;Limpar as calhas","80,00",96,Nunca tive dengue,4,1,Raramente,Pouco preocupado,Não tomaria
2024/03/14 8:08:32 PM GMT-3,31,30-39,Feminino,Médio completo,Trabalho,1 a 3 salários mínimos,Uma,Sim,SC,Joinville,Petrópolis,Sul,Casa,1,"Internet (redes sociais, sites oficiais)",Vírus,100,Picada do mosquito Aedes Aegypt,"100,00",Febre;Dores no corpo;Manchas pelo corpo,"100,00",Usar repelente;Tomar uma vacina,"100,00","Não deixar água parada em garrafas, vasos de planta e pneus;Manter lixeiras tampadas e protegidas da chuva;Retirar água de plantas que acumulam água, como as bromélias;Limpar as calhas;Descartar adequadamente objetos que acumulam água","100,00",100,Moderadamente satisfatório,5,2,Às vezes,Muito preocupado,Certamente tomaria
2024/03/14 8:09:21 PM GMT-3,42,40-49,Feminino,Médio completo,Trabalho,1 a 3 salários mínimos,Nenhuma,Sim,SC,Joinville,Jardim Iririú,Leste,Casa,4,"Internet (redes sociais, sites oficiais)",Vírus,100,Picada do mosquito Aedes Aegypt,"100,00",Dores no corpo,"66,67",Usar repelente,"66,67","Não deixar água parada em garrafas, vasos de planta e pneus;Manter lixeiras tampadas e protegidas da chuva;Retirar água de plantas que acumulam água, como as bromélias;Limpar as calhas;Descartar adequadamente objetos que acumulam água","100,00","86,67",Nunca tive dengue,3,1,Às vezes,Extremamente preocupado,Não tomaria
2024/03/14 8:09:34 PM GMT-3,37,30-39,Feminino,Superior completo,Trabalho;Estudo,7 a 10 salários mínimos,Nenhuma,Não,SC,Joinville,Saguaçu,Centro,Apartamento,2,"Mídia tradicional (TV, rádio, jornal)",Vírus,100,Picada do mosquito Aedes Aegypt,"100,00",Febre;Dores no corpo,"83,33",Usar repelente;Tomar uma vacina,"100,00","Não deixar água parada em garrafas, vasos de planta e pneus;Manter lixeiras tampadas e protegidas da chuva;Retirar água de plantas que acumulam água, como as bromélias;Limpar as calhas;Descartar adequadamente objetos que acumulam água","100,00","96,67",Nunca tive dengue,5,3,Frequentemente,Moderadamente preocupado,Certamente tomaria
2024/03/14 8:09:45 PM GMT-3,24,20-29,Feminino,Médio completo,Trabalho;Estudo,4 a 6 salários mínimos,Duas,Sim,SC,Joinville,Iririú,Nordeste,Casa,1,"Mídia tradicional (TV, rádio, jornal)",Parasita,0,Picada do mosquito Aedes Aegypt,"100,00",Febre;Dores no corpo;Perda do olfato e paladar;Manchas pelo corpo,"83,33",Usar repelente,"66,67","Não deixar água parada em garrafas, vasos de planta e pneus;Manter lixeiras tampadas e protegidas da chuva;Retirar água de plantas que acumulam água, como as bromélias;Limpar as calhas;Descartar adequadamente objetos que acumulam água","100,00",70,Satisfatório,5,1,Sempre,Extremamente preocupado,Certamente tomaria
2024/03/14 8:12:09 PM GMT-3,23,20-29,Feminino,Superior completo,Trabalho,7 a 10 salários mínimos,Uma,Sim,SC,Joinville,João Costa,Sudeste,Casa,5,"Internet (redes sociais, sites oficiais)",Vírus,100,Ingestão de água ou alimentos contaminados;Picada do mosquito Aedes Aegypt,"75,00",Febre;Dores no corpo;Manchas pelo corpo,"100,00",Usar repelente;Tomar uma vacina,"100,00","Não deixar água parada em garrafas, vasos de planta e pneus;Manter lixeiras tampadas e protegidas da chuva;Retirar água de plantas que acumulam água, como as bromélias;Limpar as calhas;Descartar adequadamente objetos que acumulam água","100,00",95,Moderadamente satisfatório,3,4,Frequentemente,Muito preocupado,Certamente tomaria
2024/03/14 8:14:39 PM GMT-3,14,10-19,Masculino,Fundamental incompleto,Estudo,11 ou mais salários mínimos,Nenhuma,Sim,RR,Boa Vista,Cidade Satélite,,Casa,2,"Internet (redes sociais, sites oficiais)",Vírus,100,Picada do mosquito Aedes Aegypt,"100,00",Febre;Dores no corpo;Manchas pelo corpo;Dor de garganta,"83,33",Usar repelente;Tomar uma vacina,"100,00","Não deixar água parada em garrafas, vasos de planta e pneus;Manter lixeiras tampadas e protegidas da chuva;Retirar água de plantas que acumulam água, como as bromélias;Limpar as calhas;Descartar adequadamente objetos que acumulam água","100,00","96,67",Nunca tive dengue,4,3,Às vezes,Pouco preocupado,Talvez tomaria
2024/03/14 8:14:49 PM GMT-3,,0-9,Feminino,Médio completo,Trabalho,1 a 3 salários mínimos,Nenhuma,Sim,SC,Joinville,Boehmerwald,Sul,Casa,4,"Mídia tradicional (TV, rádio, jornal)",Vírus,100,Picada do mosquito Aedes Aegypt,"100,00",Febre;Dores no corpo;Manchas pelo corpo,"100,00",Usar repelente;Tomar uma vacina,"100,00","Não deixar água parada em garrafas, vasos de planta e pneus;Manter lixeiras tampadas e protegidas da chuva;Retirar água de plantas que acumulam água, como as bromélias;Limpar as calhas;Descartar adequadamente objetos que acumulam água","100,00",100,Nunca tive dengue,5,1,Sempre,Extremamente preocupado,Não tomaria
2024/03/14 8:15:32 PM GMT-3,45,40-49,Feminino,Médio completo,Trabalho,4 a 6 salários mínimos,Uma,Sim,SC,Joinville,Petrópolis,Sul,Casa,6,"Internet (redes sociais, sites oficiais)",Parasita,0,Picada do mosquito Aedes Aegypt,"100,00",Febre;Dores no corpo;Manchas pelo corpo,"100,00",Usar repelente,"66,67","Não deixar água parada em garrafas, vasos de planta e pneus;Manter lixeiras tampadas e protegidas da chuva;Retirar água de plantas que acumulam água, como as bromélias;Limpar as calhas;Descartar adequadamente objetos que acumulam água","100,00","73,33",Pouco satisfatório,3,3,Sempre,Muito preocupado,Certamente tomaria
2024/03/14 8:16:03 PM GMT-3,15,10-19,Feminino,Fundamental completo,Estudo,Prefiro não informar,Nenhuma,Não,RR,Boa Vista,Caçari,,Casa,3,"Internet (redes sociais, sites oficiais)",Vírus,100,Picada do mosquito Aedes Aegypt,"100,00",Febre;Dores no corpo;Tosse;Dor de garganta,"50,00",Usar repelente;Tomar uma vacina,"100,00","Não deixar água parada em garrafas, vasos de planta e pneus;Manter lixeiras tampadas e protegidas da chuva;Retirar água de plantas que acumulam água, como as bromélias;Limpar as calhas;Descartar adequadamente objetos que acumulam água","100,00",90,Nunca tive dengue,4,3,Nunca,Nada preocupado,Certamente tomaria
2024/03/14 8:17:43 PM GMT-3,48,40-49,Feminino,Fundamental completo,Trabalho,1 a 3 salários mínimos,Uma,Sim,SC,Joinville,Paranaguamirim,Sudeste,Casa,0,Amigos e familiares,Parasita,0,Picada do mosquito Aedes Aegypt,"100,00",Dores no corpo,"66,67",Usar repelente,"66,67","Não deixar água parada em garrafas, vasos de planta e pneus;Manter lixeiras tampadas e protegidas da chuva;Retirar água de plantas que acumulam água, como as bromélias;Limpar as calhas;Descartar adequadamente objetos que acumulam água","100,00","66,67",Satisfatório,3,3,Nunca,Muito preocupado,Certamente tomaria
2024/03/14 8:18:08 PM GMT-3,42,40-49,Feminino,Superior completo,Trabalho,11 ou mais salários mínimos,Duas,Sim,RR,Boa Vista,Caçari,,Casa,3,Profissionais de saúde,Vírus,100,Picada do mosquito Aedes Aegypt,"100,00",Febre;Dores no corpo;Manchas pelo corpo,"100,00",Usar repelente,"66,67","Não deixar água parada em garrafas, vasos de planta e pneus;Manter lixeiras tampadas e protegidas da chuva;Retirar água de plantas que acumulam água, como as bromélias;Limpar as calhas;Descartar adequadamente objetos que acumulam água","100,00","93,33",Pouco satisfatório,3,1,Raramente,Pouco preocupado,Certamente tomaria
2024/03/14 8:19:20 PM GMT-3,52,50-59,Feminino,Médio completo,Trabalho,4 a 6 salários mínimos,Nenhuma,Sim,SC,Joinville,Anita Garibaldi,Centro,Apartamento,1,"Mídia tradicional (TV, rádio, jornal)",Parasita,0,Picada do mosquito Aedes Aegypt,"100,00",Febre,"66,67",Usar repelente,"66,67","Não deixar água parada em garrafas, vasos de planta e pneus","20,00","50,67",Nunca tive dengue,3,3,Frequentemente,Extremamente preocupado,Certamente tomaria
2024/03/14 8:19:42 PM GMT-3,,0-9,Feminino,Médio completo,Trabalho,1 a 3 salários mínimos,Nenhuma,Sim,SC,Joinville,Jarivatuba,Sudeste,Apartamento,2,"Internet (redes sociais, sites oficiais)",Parasita,0,Picada do mosquito Aedes Aegypt,"100,00",Febre;Dores no corpo,"83,33",Usar repelente,"66,67","Não deixar água parada em garrafas, vasos de planta e pneus;Retirar água de plantas que acumulam água, como as bromélias;Descartar adequadamente objetos que acumulam água","60,00",62,Nunca tive dengue,4,4,Raramente,Moderadamente preocupado,Talvez tomaria
2024/03/14 8:20:14 PM GMT-3,48,40-49,Feminino,Fundamental completo,Trabalho,1 a 3 salários mínimos,Uma,Sim,SC,Joinville,Bom Retiro,Norte,Apartamento,0,"Mídia tradicional (TV, rádio, jornal)",Parasita,0,Picada do mosquito Aedes Aegypt,"100,00",Febre;Dores no corpo;Perda do olfato e paladar;Manchas pelo corpo,"83,33",Usar repelente;Tomar uma vacina,"100,00","Não deixar água parada em garrafas, vasos de planta e pneus;Manter lixeiras tampadas e protegidas da chuva;Retirar água de plantas que acumulam água, como as bromélias;Limpar as calhas;Descartar adequadamente objetos que acumulam água","100,00","76,67",Moderadamente satisfatório,3,3,Raramente,Muito preocupado,Certamente tomaria
2024/03/14 8:20:22 PM GMT-3,17,10-19,Feminino,Fundamental completo,Estudo,1 a 3 salários mínimos,Nenhuma,Sim,SC,Joinville,Itinga,Sul,Casa,4,"Mídia tradicional (TV, rádio, jornal)",Parasita,0,Picada do mosquito Aedes Aegypt,"100,00",Febre;Dores no corpo;Manchas pelo corpo,"100,00",Usar repelente;Tomar uma vacina,"100,00","Não deixar água parada em garrafas, vasos de planta e pneus;Manter lixeiras tampadas e protegidas da chuva;Retirar água de plantas que acumulam água, como as bromélias;Limpar as calhas;Descartar adequadamente objetos que acumulam água","100,00",80,Nunca tive dengue,3,3,Nunca,Nada preocupado,Certamente tomaria
2024/03/14 8:20:40 PM GMT-3,45,40-49,Feminino,Superior completo,Trabalho,7 a 10 salários mínimos,Nenhuma,Não,SC,Joinville,Atiradores,Centro,Apartamento,3,"Internet (redes sociais, sites oficiais)",Vírus,100,Picada do mosquito Aedes Aegypt,"100,00",Febre;Dores no corpo;Manchas pelo corpo,"100,00",Usar repelente,"66,67","Não deixar água parada em garrafas, vasos de planta e pneus;Manter lixeiras tampadas e protegidas da chuva;Retirar água de plantas que acumulam água, como as bromélias;Limpar as calhas;Descartar adequadamente objetos que acumulam água","100,00","93,33",Nunca tive dengue,5,4,Frequentemente,Muito preocupado,Certamente tomaria
2024/03/14 8:21:48 PM GMT-3,50,50-59,Feminino,Superior completo,Trabalho,Prefiro não informar,Uma,Sim,SC,Joinville,São Marcos,Sudoeste,Casa,4,"Internet (redes sociais, sites oficiais)",Vírus,100,Picada do mosquito Aedes Aegypt,"100,00",Febre;Dores no corpo,"83,33",Usar repelente,"66,67","Não deixar água parada em garrafas, vasos de planta e pneus;Manter lixeiras tampadas e protegidas da chuva;Retirar água de plantas que acumulam água, como as bromélias;Limpar as calhas;Descartar adequadamente objetos que acumulam água","100,00",90,Satisfatório,3,3,Às vezes,Moderadamente preocupado,Não tomaria
2024/03/14 8:21:52 PM GMT-3,41,40-49,Feminino,Médio completo,Trabalho,1 a 3 salários mínimos,Três ou mais,Sim,SC,Joinville,Petrópolis,Sul,Casa,3,"Internet (redes sociais, sites oficiais)",Parasita,0,Picada do mosquito Aedes Aegypt,"100,00",Febre;Dores no corpo;Manchas pelo corpo;Tosse;Dor de garganta,"66,67",Usar repelente,"66,67","Não deixar água parada em garrafas, vasos de planta e pneus;Manter lixeiras tampadas e protegidas da chuva;Retirar água de plantas que acumulam água, como as bromélias;Limpar as calhas;Descartar adequadamente objetos que acumulam água","100,00","66,67",Muito satisfatório,5,3,Sempre,Extremamente preocupado,Certamente tomaria
2024/03/14 8:22:41 PM GMT-3,16,10-19,Feminino,Fundamental completo,Estudo,Prefiro não informar,Nenhuma,Sim,SC,Joinville,Floresta,Sul,Casa,3,Amigos e familiares,Vírus,100,Picada do mosquito Aedes Aegypt,"100,00",Febre;Dores no corpo;Manchas pelo corpo,"100,00",Usar repelente;Tomar uma vacina,"100,00","Não deixar água parada em garrafas, vasos de planta e pneus;Manter lixeiras tampadas e protegidas da chuva;Retirar água de plantas que acumulam água, como as bromélias","60,00",92,Nunca tive dengue,5,3,Sempre,Moderadamente preocupado,Certamente tomaria
2024/03/14 8:23:16 PM GMT-3,47,40-49,Feminino,Médio completo,Trabalho,4 a 6 salários mínimos,Nenhuma,Sim,SC,Joinville,Floresta,Sul,Apartamento,3,Profissionais de saúde,Vírus,100,Picada do mosquito Aedes Aegypt,"100,00",Febre;Dores no corpo;Manchas pelo corpo,"100,00",Usar repelente;Tomar uma vacina,"100,00","Não deixar água parada em garrafas, vasos de planta e pneus;Manter lixeiras tampadas e protegidas da chuva;Retirar água de plantas que acumulam água, como as bromélias;Limpar as calhas;Descartar adequadamente objetos que acumulam água","100,00",100,Nunca tive dengue,3,2,Frequentemente,Muito preocupado,Certamente tomaria
2024/03/14 8:23:34 PM GMT-3,9,0-9,Feminino,Fundamental incompleto,Estudo,11 ou mais salários mínimos,Nenhuma,Sim,RR,Boa Vista,Caçari,,Casa,3,"Internet (redes sociais, sites oficiais)",Parasita,0,Picada do mosquito Aedes Aegypt,"100,00",Febre;Dores no corpo;Manchas pelo corpo;Tosse,"83,33",Tomar uma vacina,"66,67","Não deixar água parada em garrafas, vasos de planta e pneus","20,00",54,Nunca tive dengue,3,1,Sempre,Extremamente preocupado,Certamente tomaria
2024/03/14 8:31:36 PM GMT-3,22,20-29,Masculino,Médio completo,Trabalho;Estudo,11 ou mais salários mínimos,Duas,Sim,RR,Boa Vista,Paraviana,,Casa,3,Amigos e familiares,Vírus,100,Picada do mosquito Aedes Aegypt,"100,00",Febre;Dores no corpo;Manchas pelo corpo;Tosse;Dor de garganta,"66,67",Usar repelente;Tomar uma vacina,"100,00","Não deixar água parada em garrafas, vasos de planta e pneus;Manter lixeiras tampadas e protegidas da chuva;Retirar água de plantas que acumulam água, como as bromélias;Limpar as calhas;Descartar adequadamente objetos que acumulam água","100,00","93,33",Satisfatório,4,4,Frequentemente,Pouco preocupado,Certamente tomaria
2024/03/14 8:38:22 PM GMT-3,37,30-39,Masculino,Médio completo,Trabalho,4 a 6 salários mínimos,Uma,Sim,SC,Joinville,Itaum,Sul,Casa,2,"Internet (redes sociais, sites oficiais)",Parasita,0,Picada do mosquito Aedes Aegypt,"100,00",Febre;Dores no corpo;Manchas pelo corpo,"100,00",Usar repelente,"66,67","Não deixar água parada em garrafas, vasos de planta e pneus;Manter lixeiras tampadas e protegidas da chuva;Retirar água de plantas que acumulam água, como as bromélias;Limpar as calhas;Descartar adequadamente objetos que acumulam água","100,00","73,33",Satisfatório,5,4,Frequentemente,Muito preocupado,Não tomaria
2024/03/14 8:40:02 PM GMT-3,37,30-39,Feminino,Superior completo,Estudo,11 ou mais salários mínimos,Duas,Sim,RR,Boa Vista,Jardim Floresta,,Casa,2,Profissionais de saúde,Vírus,100,Picada do mosquito Aedes Aegypt,"100,00",Febre;Dores no corpo;Perda do olfato e paladar;Manchas pelo corpo,"83,33",Usar repelente;Tomar uma vacina,"100,00","Não deixar água parada em garrafas, vasos de planta e pneus;Manter lixeiras tampadas e protegidas da chuva;Retirar água de plantas que acumulam água, como as bromélias;Limpar as calhas;Descartar adequadamente objetos que acumulam água","100,00","96,67",Satisfatório,4,2,Às vezes,Moderadamente preocupado,Certamente tomaria
2024/03/14 8:43:32 PM GMT-3,30,30-39,Masculino,Superior completo,Trabalho,7 a 10 salários mínimos,Nenhuma,Sim,SC,Joinville,Boehmerwald,Sul,Apartamento,1,"Internet (redes sociais, sites oficiais)",Vírus,100,Picada do mosquito Aedes Aegypt,"100,00",Febre;Dores no corpo;Manchas pelo corpo,"100,00",Usar repelente,"66,67","Não deixar água parada em garrafas, vasos de planta e pneus;Manter lixeiras tampadas e protegidas da chuva;Retirar água de plantas que acumulam água, como as bromélias;Limpar as calhas;Descartar adequadamente objetos que acumulam água","100,00","93,33",Nunca tive dengue,4,3,Raramente,Moderadamente preocupado,Certamente tomaria
2024/03/14 8:43:46 PM GMT-3,52,50-59,Feminino,Médio completo,Trabalho,Prefiro não informar,Uma,Sim,SC,Joinville,Adhemar Garcia,Sudeste,Casa,2,Profissionais de saúde,Parasita,0,Picada do mosquito Aedes Aegypt,"100,00",Febre;Dores no corpo;Manchas pelo corpo,"100,00",Usar repelente,"66,67","Não deixar água parada em garrafas, vasos de planta e pneus;Manter lixeiras tampadas e protegidas da chuva;Retirar água de plantas que acumulam água, como as bromélias;Limpar as calhas;Descartar adequadamente objetos que acumulam água","100,00","73,33",Satisfatório,5,3,Sempre,Muito preocupado,Não tomaria
2024/03/14 8:44:14 PM GMT-3,27,,Masculino,Superior completo,Trabalho,7 a 10 salários mínimos,Nenhuma,Sim,SC,Joinville,Anita Garibaldi,,Apartamento,0,XX,Vírus,,Picada do mosquito Aedes Aegypt,"100,00",Febre;Dores no corpo,"83,33",Usar repelente;Tomar uma vacina,"100,00","Não deixar água parada em garrafas, vasos de planta e pneus;Manter lixeiras tampadas e protegidas da chuva;Retirar água de plantas que acumulam água, como as bromélias","60,00",,Nunca tive dengue,3,3,Nunca,Moderadamente preocupado,Certamente tomaria
2024/03/14 8:44:42 PM GMT-3,29,20-29,Feminino,Superior completo,Trabalho,4 a 6 salários mínimos,Nenhuma,Sim,SC,Joinville,Bucarein,Centro,Apartamento,2,Profissionais de saúde,Vírus,100,Picada do mosquito Aedes Aegypt,"100,00",Febre;Dores no corpo;Manchas pelo corpo;Dor de garganta,"83,33",Usar repelente;Tomar uma vacina,"100,00","Não deixar água parada em garrafas, vasos de planta e pneus;Manter lixeiras tampadas e protegidas da chuva;Retirar água de plantas que acumulam água, como as bromélias;Limpar as calhas;Descartar adequadamente objetos que acumulam água","100,00","96,67",Nunca tive dengue,5,3,Nunca,Pouco preocupado,Certamente tomaria
2024/03/14 8:46:41 PM GMT-3,23,,Masculino,Superior completo,Trabalho;Estudo,Prefiro não informar,Nenhuma,Sim,XX,XX,Mangueiral,,Casa,7,XX,Vírus,,Picada do mosquito Aedes Aegypt,"100,00",Febre;Dores no corpo;Perda do olfato e paladar;Manchas pelo corpo;Tosse;Dor de garganta,"50,00",Usar protetor solar;Usar repelente;Tomar uma vacina,"66,67","Não deixar água parada em garrafas, vasos de planta e pneus;Manter lixeiras tampadas e protegidas da chuva;Retirar água de plantas que acumulam água, como as bromélias;Limpar as calhas;Descartar adequadamente objetos que acumulam água","100,00",,Nunca tive dengue,1,1,Nunca,Nada preocupado,Não tomaria
2024/03/14 8:48:20 PM GMT-3,46,40-49,Masculino,Médio completo,Trabalho,11 ou mais salários mínimos,Nenhuma,Sim,SC,Joinville,Comasa,Leste,Casa,6,"Mídia tradicional (TV, rádio, jornal)",Parasita,0,Picada do mosquito Aedes Aegypt,"100,00",Febre;Dores no corpo;Manchas pelo corpo,"100,00",Usar repelente;Tomar uma vacina,"100,00","Não deixar água parada em garrafas, vasos de planta e pneus;Manter lixeiras tampadas e protegidas da chuva;Retirar água de plantas que acumulam água, como as bromélias;Limpar as calhas;Descartar adequadamente objetos que acumulam água","100,00",80,Nunca tive dengue,4,4,Frequentemente,Extremamente preocupado,Certamente tomaria
2024/03/14 8:53:04 PM GMT-3,26,20-29,Feminino,Superior completo,Trabalho;Estudo,4 a 6 salários mínimos,Nenhuma,Não,SC,Joinville,Vila Nova,Oeste,Casa,2,"Internet (redes sociais, sites oficiais)",Vírus,100,Picada do mosquito Aedes Aegypt,"100,00",Febre;Dores no corpo;Manchas pelo corpo,"100,00",Usar repelente;Tomar uma vacina,"100,00","Não deixar água parada em garrafas, vasos de planta e pneus;Manter lixeiras tampadas e protegidas da chuva;Retirar água de plantas que acumulam água, como as bromélias;Limpar as calhas;Descartar adequadamente objetos que acumulam água","100,00",100,Nunca tive dengue,5,4,Sempre,Pouco preocupado,Não tomaria
2024/03/14 8:53:50 PM GMT-3,21,20-29,Masculino,Médio completo,Trabalho,1 a 3 salários mínimos,Nenhuma,Não,SP,São Bernardo do Campo,XX,,Apartamento,1,"Internet (redes sociais, sites oficiais)",Vírus,100,Picada do mosquito Aedes Aegypt,"100,00",Febre;Dores no corpo;Tosse;Dor de garganta,"50,00",Usar repelente,"66,67","Não deixar água parada em garrafas, vasos de planta e pneus;Manter lixeiras tampadas e protegidas da chuva;Retirar água de plantas que acumulam água, como as bromélias;Limpar as calhas;Descartar adequadamente objetos que acumulam água","100,00","83,33",Nunca tive dengue,4,3,Frequentemente,Moderadamente preocupado,Certamente tomaria
2024/03/14 8:54:17 PM GMT-3,31,30-39,Masculino,Superior completo,Estudo,4 a 6 salários mínimos,Nenhuma,Sim,SP,São José dos Campos,Vila Tesouro,,Casa,3,"Mídia tradicional (TV, rádio, jornal)",Vírus,100,Picada do mosquito Aedes Aegypt,"100,00",Febre;Dores no corpo;Manchas pelo corpo,"100,00",Usar repelente,"66,67","Não deixar água parada em garrafas, vasos de planta e pneus;Manter lixeiras tampadas e protegidas da chuva;Retirar água de plantas que acumulam água, como as bromélias;Limpar as calhas;Descartar adequadamente objetos que acumulam água","100,00","93,33",Nunca tive dengue,4,4,Às vezes,Muito preocupado,Certamente tomaria
2024/03/14 8:56:12 PM GMT-3,24,20-29,Outro,Fundamental completo,Estudo,1 a 3 salários mínimos,Três ou mais,Sim,SC,Florianópolis,Itacorubi,,Casa,1,"Internet (redes sociais, sites oficiais)",Vírus,100,Picada do mosquito Aedes Aegypt,"100,00",Febre,"66,67",Usar repelente,"66,67","Não deixar água parada em garrafas, vasos de planta e pneus;Manter lixeiras tampadas e protegidas da chuva;Retirar água de plantas que acumulam água, como as bromélias;Limpar as calhas;Descartar adequadamente objetos que acumulam água","100,00","86,67",Pouco satisfatório,2,2,Raramente,Extremamente preocupado,Certamente tomaria
2024/03/14 8:59:32 PM GMT-3,36,30-39,Feminino,Médio completo,Trabalho;Estudo,1 a 3 salários mínimos,Uma,Sim,SC,Joinville,Paranaguamirim,Sudeste,Casa,4,Profissionais de saúde,Vírus,100,Picada do mosquito Aedes Aegypt,"100,00",Febre;Dores no corpo;Manchas pelo corpo,"100,00",Usar repelente;Tomar uma vacina,"100,00","Não deixar água parada em garrafas, vasos de planta e pneus;Manter lixeiras tampadas e protegidas da chuva;Retirar água de plantas que acumulam água, como as bromélias;Limpar as calhas;Descartar adequadamente objetos que acumulam água","100,00",100,Pouco satisfatório,4,3,Sempre,Extremamente preocupado,Certamente tomaria
2024/03/14 8:59:38 PM GMT-3,24,20-29,Feminino,Superior completo,Trabalho,7 a 10 salários mínimos,Nenhuma,Não,SC,Joinville,Jardim Iririú,Leste,Casa,4,"Internet (redes sociais, sites oficiais)",Vírus,100,Picada do mosquito Aedes Aegypt,"100,00",Febre;Dores no corpo;Perda do olfato e paladar;Manchas pelo corpo,"83,33",Usar repelente,"66,67","Não deixar água parada em garrafas, vasos de planta e pneus;Manter lixeiras tampadas e protegidas da chuva;Retirar água de plantas que acumulam água, como as bromélias;Limpar as calhas;Descartar adequadamente objetos que acumulam água","100,00",90,Nunca tive dengue,4,3,Nunca,Pouco preocupado,Certamente tomaria
2024/03/14 9:03:01 PM GMT-3,17,10-19,Feminino,Fundamental completo,Estudo,Até 1 salário mínimo,Nenhuma,Não,SC,Joinville,Vila Nova,Oeste,Casa,2,"Mídia tradicional (TV, rádio, jornal)",Vírus,100,Picada do mosquito Aedes Aegypt,"100,00",Febre;Dores no corpo;Manchas pelo corpo,"100,00",Usar repelente,"66,67","Não deixar água parada em garrafas, vasos de planta e pneus;Manter lixeiras tampadas e protegidas da chuva;Retirar água de plantas que acumulam água, como as bromélias;Limpar as calhas;Descartar adequadamente objetos que acumulam água","100,00","93,33",Nunca tive dengue,4,3,Frequentemente,Moderadamente preocupado,Certamente tomaria
2024/03/14 9:08:05 PM GMT-3,44,40-49,Masculino,Médio completo,Trabalho,7 a 10 salários mínimos,Nenhuma,Sim,SC,Joinville,Comasa,Leste,Casa,2,Profissionais de saúde,Vírus,100,Picada do mosquito Aedes Aegypt,"100,00",Febre;Dores no corpo;Manchas pelo corpo,"100,00",Usar repelente;Tomar uma vacina,"100,00","Não deixar água parada em garrafas, vasos de planta e pneus;Manter lixeiras tampadas e protegidas da chuva;Retirar água de plantas que acumulam água, como as bromélias;Limpar as calhas;Descartar adequadamente objetos que acumulam água","100,00",100,Nunca tive dengue,4,3,Sempre,Moderadamente preocupado,Certamente tomaria
2024/03/14 9:26:41 PM GMT-3,26,20-29,Feminino,Médio completo,Trabalho,1 a 3 salários mínimos,Uma,Sim,SC,Joinville,Ulysses Guimarães,Sudeste,Casa,2,"Internet (redes sociais, sites oficiais)",Vírus,100,Picada do mosquito Aedes Aegypt,"100,00",Febre;Dores no corpo;Manchas pelo corpo,"100,00",Usar repelente;Tomar uma vacina,"100,00","Não deixar água parada em garrafas, vasos de planta e pneus;Manter lixeiras tampadas e protegidas da chuva;Retirar água de plantas que acumulam água, como as bromélias;Limpar as calhas;Descartar adequadamente objetos que acumulam água","100,00",100,Insatisfatório,1,2,Frequentemente,Muito preocupado,Certamente tomaria
2024/03/14 9:30:30 PM GMT-3,37,30-39,Feminino,Médio completo,Trabalho,1 a 3 salários mínimos,Nenhuma,Sim,SC,Joinville,Ulysses Guimarães,Sudeste,Casa,4,"Internet (redes sociais, sites oficiais)",Parasita,0,Picada do mosquito Aedes Aegypt,"100,00",Febre;Dores no corpo;Manchas pelo corpo,"100,00",Usar repelente,"66,67","Não deixar água parada em garrafas, vasos de planta e pneus;Manter lixeiras tampadas e protegidas da chuva;Retirar água de plantas que acumulam água, como as bromélias;Limpar as calhas;Descartar adequadamente objetos que acumulam água","100,00","73,33",Moderadamente satisfatório,5,4,Sempre,Extremamente preocupado,Certamente tomaria
2024/03/14 9:32:37 PM GMT-3,30,30-39,Feminino,Superior completo,Trabalho,4 a 6 salários mínimos,Uma,Sim,SC,Joinville,Petrópolis,Sul,Casa,4,"Internet (redes sociais, sites oficiais)",Vírus,100,Picada do mosquito Aedes Aegypt,"100,00",Febre;Dores no corpo;Manchas pelo corpo,"100,00",Usar repelente,"66,67","Não deixar água parada em garrafas, vasos de planta e pneus;Manter lixeiras tampadas e protegidas da chuva;Retirar água de plantas que acumulam água, como as bromélias;Limpar as calhas;Descartar adequadamente objetos que acumulam água","100,00","93,33",Satisfatório,5,2,Frequentemente,Moderadamente preocupado,Talvez tomaria
2024/03/14 9:37:48 PM GMT-3,25,20-29,Feminino,Médio completo,Estudo,1 a 3 salários mínimos,Nenhuma,Sim,SC,Joinville,Costa e Silva,Norte,Casa,3,"Mídia tradicional (TV, rádio, jornal)",Vírus,100,Picada do mosquito Aedes Aegypt,"100,00",Febre;Dores no corpo,"83,33",Usar repelente;Tomar uma vacina,"100,00","Não deixar água parada em garrafas, vasos de planta e pneus;Manter lixeiras tampadas e protegidas da chuva;Retirar água de plantas que acumulam água, como as bromélias;Limpar as calhas;Descartar adequadamente objetos que acumulam água","100,00","96,67",Nunca tive dengue,5,3,Às vezes,Muito preocupado,Talvez tomaria
2024/03/14 9:40:17 PM GMT-3,21,20-29,Masculino,Médio completo,Trabalho,11 ou mais salários mínimos,Três ou mais,Sim,GO,Goiânia,XX,,Casa,2,"Mídia tradicional (TV, rádio, jornal)",Vírus,100,Picada do mosquito Aedes Aegypt,"100,00",Febre,"66,67",Tomar uma vacina,"66,67","Não deixar água parada em garrafas, vasos de planta e pneus;Manter lixeiras tampadas e protegidas da chuva;Retirar água de plantas que acumulam água, como as bromélias;Limpar as calhas;Descartar adequadamente objetos que acumulam água","100,00","86,67",Moderadamente satisfatório,4,4,Sempre,Nada preocupado,Talvez tomaria
2024/03/14 9:45:00 PM GMT-3,23,20-29,Feminino,Superior completo,,Prefiro não informar,Uma,Sim,SC,Joinville,Iririú,Nordeste,Casa,3,"Internet (redes sociais, sites oficiais)",Vírus,100,Picada do mosquito Aedes Aegypt,"100,00",Febre;Dores no corpo;Perda do olfato e paladar;Manchas pelo corpo,"83,33",Usar repelente,"66,67","Não deixar água parada em garrafas, vasos de planta e pneus;Manter lixeiras tampadas e protegidas da chuva;Limpar as calhas;Descartar adequadamente objetos que acumulam água","80,00",86,Moderadamente satisfatório,4,4,Raramente,Moderadamente preocupado,Não tomaria
2024/03/14 9:45:41 PM GMT-3,21,20-29,Masculino,Médio completo,Trabalho;Estudo,4 a 6 salários mínimos,Nenhuma,Sim,GO,Goiânia,XX,,Casa,1,"Mídia tradicional (TV, rádio, jornal)",Parasita,0,Picada do mosquito Tsé-Tsé;Picada do mosquito Aedes Aegypt,"75,00",Febre;Dores no corpo;Manchas pelo corpo;Tosse;Dor de garganta,"66,67",Usar repelente;Tomar uma vacina,"100,00","Não deixar água parada em garrafas, vasos de planta e pneus;Manter lixeiras tampadas e protegidas da chuva;Retirar água de plantas que acumulam água, como as bromélias;Limpar as calhas;Descartar adequadamente objetos que acumulam água","100,00","68,33",Nunca tive dengue,3,2,Às vezes,Nada preocupado,Talvez tomaria
2024/03/14 9:47:47 PM GMT-3,18,10-19,Feminino,Médio completo,Estudo,11 ou mais salários mínimos,Nenhuma,Sim,SC,Joinville,Costa e Silva,Norte,Casa,3,Profissionais de saúde,Vírus,100,Picada do mosquito Aedes Aegypt,"100,00",Febre;Dores no corpo;Manchas pelo corpo,"100,00",Usar repelente;Tomar uma vacina,"100,00","Não deixar água parada em garrafas, vasos de planta e pneus;Manter lixeiras tampadas e protegidas da chuva;Retirar água de plantas que acumulam água, como as bromélias;Limpar as calhas;Descartar adequadamente objetos que acumulam água","100,00",100,Nunca tive dengue,4,3,Às vezes,Moderadamente preocupado,Certamente tomaria
2024/03/14 9:53:48 PM GMT-3,44,40-49,Masculino,Superior completo,Trabalho,7 a 10 salários mínimos,Nenhuma,Sim,AM,Manaus,XX,,Casa,5,"Internet (redes sociais, sites oficiais)",Vírus,100,Picada do mosquito Aedes Aegypt,"100,00",Febre;Dores no corpo,"83,33",Tomar uma vacina,"66,67","Não deixar água parada em garrafas, vasos de planta e pneus;Manter lixeiras tampadas e protegidas da chuva;Retirar água de plantas que acumulam água, como as bromélias;Limpar as calhas;Descartar adequadamente objetos que acumulam água","100,00",90,Nunca tive dengue,1,2,Frequentemente,Moderadamente preocupado,Talvez tomaria
2024/03/14 9:54:34 PM GMT-3,23,20-29,Outro,Médio completo,Trabalho,1 a 3 salários mínimos,Uma,Sim,GO,XX,XX,,Casa,3,"Internet (redes sociais, sites oficiais)",Vírus,100,Picada do mosquito Aedes Aegypt,"100,00",Febre;Dores no corpo;Manchas pelo corpo,"100,00",Usar repelente,"66,67","Não deixar água parada em garrafas, vasos de planta e pneus;Manter lixeiras tampadas e protegidas da chuva;Retirar água de plantas que acumulam água, como as bromélias;Limpar as calhas;Descartar adequadamente objetos que acumulam água","100,00","93,33",Muito satisfatório,4,4,Frequentemente,Muito preocupado,Talvez tomaria
2024/03/14 9:55:36 PM GMT-3,20,20-29,Masculino,Médio completo,Trabalho;Estudo,11 ou mais salários mínimos,Duas,Sim,GO,Aparecida de Goiânia,Cidade Vera Cruz 2,,Casa,4,Profissionais de saúde,Parasita,0,Picada do mosquito Aedes Aegypt,"100,00",Febre;Dores no corpo;Manchas pelo corpo,"100,00",Usar repelente,"66,67","Não deixar água parada em garrafas, vasos de planta e pneus;Manter lixeiras tampadas e protegidas da chuva;Retirar água de plantas que acumulam água, como as bromélias;Limpar as calhas;Descartar adequadamente objetos que acumulam água","100,00","73,33",Moderadamente satisfatório,3,1,Frequentemente,Nada preocupado,Talvez tomaria
2024/03/14 9:56:21 PM GMT-3,22,20-29,Feminino,Médio completo,Trabalho,4 a 6 salários mínimos,Uma,Sim,SC,Joinville,Costa e Silva,Norte,Apartamento,3,Profissionais de saúde,Parasita,0,Picada do mosquito Aedes Aegypt,"100,00",Febre;Dores no corpo;Manchas pelo corpo,"100,00",Usar repelente;Tomar uma vacina,"100,00","Não deixar água parada em garrafas, vasos de planta e pneus;Manter lixeiras tampadas e protegidas da chuva;Retirar água de plantas que acumulam água, como as bromélias;Limpar as calhas;Descartar adequadamente objetos que acumulam água","100,00",80,Moderadamente satisfatório,5,3,Frequentemente,Extremamente preocupado,Certamente tomaria
2024/03/14 9:57:43 PM GMT-3,18,10-19,Feminino,Médio completo,Trabalho,4 a 6 salários mínimos,Nenhuma,Sim,GO,Aparecida de Goiânia,Cidade Vera Cruz 2,,Casa,3,"Internet (redes sociais, sites oficiais)",Parasita,0,Picada do mosquito Aedes Aegypt,"100,00",Febre;Dores no corpo;Manchas pelo corpo,"100,00",Usar repelente;Tomar uma vacina,"100,00","Não deixar água parada em garrafas, vasos de planta e pneus;Retirar água de plantas que acumulam água, como as bromélias;Limpar as calhas;Descartar adequadamente objetos que acumulam água","80,00",76,Nunca tive dengue,5,1,Às vezes,Moderadamente preocupado,Certamente tomaria
2024/03/14 10:06:17 PM GMT-3,47,40-49,Feminino,Médio completo,Trabalho,4 a 6 salários mínimos,Uma,Sim,SC,Joinville,Aventureiro,Nordeste,Casa,2,"Internet (redes sociais, sites oficiais)",Vírus,100,Picada do mosquito Aedes Aegypt,"100,00",Febre;Dores no corpo;Manchas pelo corpo,"100,00",Usar repelente,"66,67","Não deixar água parada em garrafas, vasos de planta e pneus;Manter lixeiras tampadas e protegidas da chuva;Retirar água de plantas que acumulam água, como as bromélias;Limpar as calhas;Descartar adequadamente objetos que acumulam água","100,00","93,33",Moderadamente satisfatório,5,3,Sempre,Extremamente preocupado,Certamente tomaria
2024/03/14 10:06:47 PM GMT-3,21,20-29,Feminino,Médio completo,Trabalho,1 a 3 salários mínimos,Nenhuma,Sim,GO,Aparecida de Goiânia,XX,,Apartamento,1,"Internet (redes sociais, sites oficiais)",Parasita,0,Picada do mosquito Aedes Aegypt,"100,00",Febre;Dores no corpo;Manchas pelo corpo,"100,00",Usar repelente,"66,67","Não deixar água parada em garrafas, vasos de planta e pneus;Manter lixeiras tampadas e protegidas da chuva;Retirar água de plantas que acumulam água, como as bromélias;Limpar as calhas;Descartar adequadamente objetos que acumulam água","100,00","73,33",Nunca tive dengue,4,3,Raramente,Pouco preocupado,Certamente tomaria
2024/03/14 10:10:18 PM GMT-3,39,30-39,Feminino,Superior completo,Trabalho,1 a 3 salários mínimos,Nenhuma,Sim,SC,Joinville,Paranaguamirim,Sudeste,Casa,4,"Mídia tradicional (TV, rádio, jornal)",Vírus,100,Picada do mosquito Aedes Aegypt,"100,00",Febre;Dores no corpo;Manchas pelo corpo,"100,00",Usar repelente;Tomar uma vacina,"100,00","Não deixar água parada em garrafas, vasos de planta e pneus;Manter lixeiras tampadas e protegidas da chuva;Retirar água de plantas que acumulam água, como as bromélias;Limpar as calhas;Descartar adequadamente objetos que acumulam água","100,00",100,Nunca tive dengue,4,4,Frequentemente,Muito preocupado,Certamente tomaria
2024/03/14 10:17:06 PM GMT-3,46,40-49,Feminino,Médio completo,Trabalho,4 a 6 salários mínimos,Nenhuma,Sim,SC,Joinville,Comasa,Leste,Casa,3,Profissionais de saúde,Vírus,100,Picada do mosquito Aedes Aegypt,"100,00",Febre;Dores no corpo;Manchas pelo corpo,"100,00",Usar repelente,"66,67","Não deixar água parada em garrafas, vasos de planta e pneus;Manter lixeiras tampadas e protegidas da chuva;Retirar água de plantas que acumulam água, como as bromélias;Limpar as calhas;Descartar adequadamente objetos que acumulam água","100,00","93,33",Nunca tive dengue,5,3,Frequentemente,Muito preocupado,Talvez tomaria
2024/03/14 10:21:50 PM GMT-3,21,20-29,Feminino,Médio completo,Trabalho;Estudo,1 a 3 salários mínimos,Duas,Sim,GO,Aparecida de Goiânia,Vera Cruz,,Casa,2,"Internet (redes sociais, sites oficiais)",Vírus,100,Picada do mosquito Aedes Aegypt,"100,00",Febre;Dores no corpo;Manchas pelo corpo,"100,00",Usar repelente,"66,67","Não deixar água parada em garrafas, vasos de planta e pneus;Manter lixeiras tampadas e protegidas da chuva;Retirar água de plantas que acumulam água, como as bromélias;Limpar as calhas;Descartar adequadamente objetos que acumulam água","100,00","93,33",Pouco satisfatório,4,1,Às vezes,Moderadamente preocupado,Certamente tomaria
2024/03/14 10:22:57 PM GMT-3,53,50-59,Feminino,Fundamental incompleto,Trabalho,1 a 3 salários mínimos,Nenhuma,Sim,SC,Itajaí,Centro,Centro,Apartamento,2,"Internet (redes sociais, sites oficiais)",Parasita,0,Picada do mosquito Aedes Aegypt,"100,00",Febre;Dores no corpo;Perda do olfato e paladar;Manchas pelo corpo,"83,33",Usar repelente,"66,67","Não deixar água parada em garrafas, vasos de planta e pneus;Manter lixeiras tampadas e protegidas da chuva;Retirar água de plantas que acumulam água, como as bromélias;Limpar as calhas;Descartar adequadamente objetos que acumulam água","100,00",70,Satisfatório,2,2,Raramente,Pouco preocupado,Talvez tomaria
2024/03/14 10:25:04 PM GMT-3,18,10-19,Feminino,Médio completo,Estudo,7 a 10 salários mínimos,Nenhuma,Não,SC,Florianópolis,Ingleses,,Casa,5,"Mídia tradicional (TV, rádio, jornal)",Vírus,100,Picada do mosquito Aedes Aegypt,"100,00",Manchas pelo corpo,"66,67",Tomar uma vacina,"66,67","Não deixar água parada em garrafas, vasos de planta e pneus;Manter lixeiras tampadas e protegidas da chuva;Retirar água de plantas que acumulam água, como as bromélias;Limpar as calhas;Descartar adequadamente objetos que acumulam água","100,00","86,67",Nunca tive dengue,4,3,Frequentemente,Moderadamente preocupado,Certamente tomaria
2024/03/14 10:26:29 PM GMT-3,27,20-29,Feminino,Superior completo,Trabalho;Estudo,1 a 3 salários mínimos,Nenhuma,Não,SC,Joinville,Santo Antônio,Norte,Apartamento,1,"Mídia tradicional (TV, rádio, jornal)",Vírus,100,Picada do mosquito Aedes Aegypt,"100,00",Febre;Dores no corpo;Manchas pelo corpo,"100,00",Usar repelente;Tomar uma vacina,"100,00","Não deixar água parada em garrafas, vasos de planta e pneus;Manter lixeiras tampadas e protegidas da chuva;Retirar água de plantas que acumulam água, como as bromélias;Limpar as calhas;Descartar adequadamente objetos que acumulam água","100,00",100,Nunca tive dengue,5,5,Sempre,Muito preocupado,Certamente tomaria
2024/03/14 10:26:38 PM GMT-3,43,40-49,Feminino,Médio completo,Trabalho,Prefiro não informar,Nenhuma,Sim,SC,Joinville,Santa Catarina,Sul,Casa,4,"Internet (redes sociais, sites oficiais)",Vírus,100,Picada do mosquito Aedes Aegypt,"100,00",Febre;Dores no corpo;Manchas pelo corpo,"100,00",Usar repelente,"66,67","Não deixar água parada em garrafas, vasos de planta e pneus;Manter lixeiras tampadas e protegidas da chuva;Retirar água de plantas que acumulam água, como as bromélias;Limpar as calhas;Descartar adequadamente objetos que acumulam água","100,00","93,33",Nunca tive dengue,4,4,Frequentemente,Muito preocupado,Certamente tomaria
2024/03/14 10:26:52 PM GMT-3,21,20-29,Feminino,Médio completo,Trabalho;Estudo,Prefiro não informar,Nenhuma,Sim,GO,Goiânia,Vila Rosa,,Casa,6,"Mídia tradicional (TV, rádio, jornal)",Parasita,0,Picada do mosquito Aedes Aegypt,"100,00",Manchas pelo corpo,"66,67",Usar repelente;Tomar uma vacina,"100,00","Não deixar água parada em garrafas, vasos de planta e pneus;Manter lixeiras tampadas e protegidas da chuva;Retirar água de plantas que acumulam água, como as bromélias;Limpar as calhas;Descartar adequadamente objetos que acumulam água","100,00","73,33",Nunca tive dengue,4,2,Raramente,Moderadamente preocupado,Talvez tomaria
2024/03/14 10:35:46 PM GMT-3,37,30-39,Feminino,Médio completo,Trabalho;Estudo,4 a 6 salários mínimos,Nenhuma,Não,SC,Joinville,Jardim Paraíso,Nordeste,Casa,5,Profissionais de saúde,Parasita,0,Picada do mosquito Aedes Aegypt,"100,00",Febre;Dores no corpo;Manchas pelo corpo,"100,00",Usar repelente;Tomar uma vacina,"100,00","Não deixar água parada em garrafas, vasos de planta e pneus;Manter lixeiras tampadas e protegidas da chuva;Retirar água de plantas que acumulam água, como as bromélias;Limpar as calhas;Descartar adequadamente objetos que acumulam água","100,00",80,Nunca tive dengue,2,1,Frequentemente,Muito preocupado,Certamente tomaria
2024/03/14 10:36:33 PM GMT-3,30,30-39,Masculino,Superior completo,Trabalho,7 a 10 salários mínimos,Nenhuma,Sim,GO,Goiânia,Alto da Glória,,Apartamento,0,"Internet (redes sociais, sites oficiais)",Vírus,100,Picada do mosquito Aedes Aegypt,"100,00",Febre;Dores no corpo;Manchas pelo corpo,"100,00",Usar repelente,"66,67","Não deixar água parada em garrafas, vasos de planta e pneus;Manter lixeiras tampadas e protegidas da chuva;Retirar água de plantas que acumulam água, como as bromélias;Limpar as calhas;Descartar adequadamente objetos que acumulam água","100,00","93,33",Nunca tive dengue,5,3,Raramente,Moderadamente preocupado,Talvez tomaria
2024/03/14 10:41:04 PM GMT-3,27,20-29,Feminino,Superior completo,Trabalho,4 a 6 salários mínimos,Uma,Sim,GO,Goiânia,XX,,Casa,0,"Internet (redes sociais, sites oficiais)",Parasita,0,Picada do mosquito Aedes Aegypt,"100,00",Febre;Dores no corpo;Manchas pelo corpo,"100,00",Usar repelente,"66,67","Não deixar água parada em garrafas, vasos de planta e pneus;Manter lixeiras tampadas e protegidas da chuva;Retirar água de plantas que acumulam água, como as bromélias;Limpar as calhas;Descartar adequadamente objetos que acumulam água","100,00","73,33",Muito satisfatório,4,4,Às vezes,Moderadamente preocupado,Certamente tomaria
2024/03/14 10:42:49 PM GMT-3,21,20-29,Masculino,Médio completo,Trabalho;Estudo,4 a 6 salários mínimos,Nenhuma,Sim,GO,Goiânia,Itaipú,,Casa,3,"Mídia tradicional (TV, rádio, jornal)",Vírus,100,Picada do mosquito Aedes Aegypt,"100,00",Febre;Dores no corpo,"83,33",Usar repelente;Tomar uma vacina,"100,00","Não deixar água parada em garrafas, vasos de planta e pneus;Manter lixeiras tampadas e protegidas da chuva;Retirar água de plantas que acumulam água, como as bromélias;Limpar as calhas;Descartar adequadamente objetos que acumulam água","100,00","96,67",Nunca tive dengue,5,4,Sempre,Moderadamente preocupado,Certamente tomaria
2024/03/14 10:49:58 PM GMT-3,20,20-29,Masculino,Médio completo,Trabalho;Estudo,1 a 3 salários mínimos,Nenhuma,Sim,SC,Joinville,Vila Nova,Oeste,Casa,4,"Internet (redes sociais, sites oficiais)",Vírus,100,Picada do mosquito Aedes Aegypt,"100,00",Febre;Dores no corpo;Manchas pelo corpo,"100,00",Usar repelente,"66,67","Não deixar água parada em garrafas, vasos de planta e pneus;Manter lixeiras tampadas e protegidas da chuva;Retirar água de plantas que acumulam água, como as bromélias;Limpar as calhas;Descartar adequadamente objetos que acumulam água","100,00","93,33",Nunca tive dengue,5,4,Às vezes,Extremamente preocupado,Talvez tomaria
2024/03/14 10:50:01 PM GMT-3,22,20-29,Feminino,Médio completo,Trabalho;Estudo,1 a 3 salários mínimos,Duas,Sim,GO,Goiânia,Parque Oeste Industrial,,Apartamento,1,"Internet (redes sociais, sites oficiais)",Parasita,0,Picada do mosquito Aedes Aegypt,"100,00",Febre;Dores no corpo;Manchas pelo corpo,"100,00",Usar repelente;Tomar uma vacina,"100,00","Não deixar água parada em garrafas, vasos de planta e pneus;Manter lixeiras tampadas e protegidas da chuva;Retirar água de plantas que acumulam água, como as bromélias;Limpar as calhas;Descartar adequadamente objetos que acumulam água","100,00",80,Insatisfatório,1,1,Sempre,Extremamente preocupado,Certamente tomaria
2024/03/14 10:54:25 PM GMT-3,12,10-19,Feminino,Fundamental incompleto,Estudo,4 a 6 salários mínimos,Nenhuma,Sim,GO,Aparecida de Goiânia,American Park,,Casa,3,"Mídia tradicional (TV, rádio, jornal)",Vírus,100,Picada do mosquito Aedes Aegypt,"100,00",Febre;Dores no corpo;Manchas pelo corpo,"100,00",Tomar uma vacina,"66,67","Não deixar água parada em garrafas, vasos de planta e pneus","20,00","77,33",Nunca tive dengue,3,2,Às vezes,Muito preocupado,Certamente tomaria
2024/03/14 11:51:19 PM GMT-3,24,20-29,Feminino,Superior completo,Trabalho,4 a 6 salários mínimos,Nenhuma,Sim,SC,Joinville,Comasa,Leste,Casa,3,"Internet (redes sociais, sites oficiais)",Vírus,100,Picada do mosquito Aedes Aegypt,"100,00",Febre;Dores no corpo;Manchas pelo corpo,"100,00",Usar repelente,"66,67","Não deixar água parada em garrafas, vasos de planta e pneus;Manter lixeiras tampadas e protegidas da chuva;Retirar água de plantas que acumulam água, como as bromélias;Limpar as calhas;Descartar adequadamente objetos que acumulam água","100,00","93,33",Nunca tive dengue,3,3,Sempre,Muito preocupado,Certamente tomaria
2024/03/14 11:53:05 PM GMT-3,18,10-19,Feminino,Médio completo,Trabalho;Estudo,1 a 3 salários mínimos,Nenhuma,Sim,SC,Joinville,Comasa,Leste,Casa,1,"Mídia tradicional (TV, rádio, jornal)",Vírus,100,Picada do mosquito Aedes Aegypt,"100,00",Febre;Dores no corpo;Manchas pelo corpo,"100,00",Usar repelente,"66,67","Não deixar água parada em garrafas, vasos de planta e pneus;Manter lixeiras tampadas e protegidas da chuva;Retirar água de plantas que acumulam água, como as bromélias;Limpar as calhas;Descartar adequadamente objetos que acumulam água","100,00","93,33",Nunca tive dengue,4,2,Frequentemente,Muito preocupado,Talvez tomaria
2024/03/15 12:50:59 AM GMT-3,22,20-29,Feminino,Médio completo,Trabalho,1 a 3 salários mínimos,Nenhuma,Sim,GO,Aparecida de Goiânia,Cidade Vera Cruz,,Casa,3,"Internet (redes sociais, sites oficiais)",Parasita,0,Picada do mosquito Aedes Aegypt,"100,00",Febre;Dores no corpo;Manchas pelo corpo,"100,00",Usar repelente,"66,67","Não deixar água parada em garrafas, vasos de planta e pneus;Manter lixeiras tampadas e protegidas da chuva;Retirar água de plantas que acumulam água, como as bromélias;Limpar as calhas;Descartar adequadamente objetos que acumulam água","100,00","73,33",Nunca tive dengue,4,3,Às vezes,Moderadamente preocupado,Talvez tomaria
2024/03/15 5:37:53 AM GMT-3,60,60-70,Feminino,Superior completo,Trabalho,1 a 3 salários mínimos,Nenhuma,Não,SC,Joinville,Guanabara,Sudeste,Casa,1,"Mídia tradicional (TV, rádio, jornal)",Vírus,100,Picada do mosquito Aedes Aegypt,"100,00",Febre;Dores no corpo;Manchas pelo corpo,"100,00",Usar repelente,"66,67","Não deixar água parada em garrafas, vasos de planta e pneus;Descartar adequadamente objetos que acumulam água","40,00","81,33",Nunca tive dengue,5,4,Sempre,Muito preocupado,Certamente tomaria
2024/03/15 6:13:28 AM GMT-3,31,30-39,Feminino,Superior completo,Trabalho;Estudo,1 a 3 salários mínimos,Nenhuma,Sim,SC,Joinville,Rio Bonito,Norte,Casa,7,"Internet (redes sociais, sites oficiais)",Vírus,100,Picada do mosquito Aedes Aegypt,"100,00",Dores no corpo;Manchas pelo corpo,"83,33",Usar repelente,"66,67","Não deixar água parada em garrafas, vasos de planta e pneus;Manter lixeiras tampadas e protegidas da chuva;Retirar água de plantas que acumulam água, como as bromélias;Limpar as calhas;Descartar adequadamente objetos que acumulam água","100,00",90,Nunca tive dengue,5,1,Às vezes,Moderadamente preocupado,Certamente tomaria
2024/03/15 6:14:48 AM GMT-3,31,30-39,Feminino,Médio completo,Trabalho,1 a 3 salários mínimos,Uma,Sim,SC,Joinville,Ulysses Guimarães,Sudeste,Casa,1,"Internet (redes sociais, sites oficiais)",Vírus,100,Picada do mosquito Aedes Aegypt,"100,00",Febre;Dores no corpo;Manchas pelo corpo,"100,00",Usar repelente,"66,67","Não deixar água parada em garrafas, vasos de planta e pneus;Manter lixeiras tampadas e protegidas da chuva;Retirar água de plantas que acumulam água, como as bromélias;Limpar as calhas;Descartar adequadamente objetos que acumulam água","100,00","93,33",Muito satisfatório,4,3,Sempre,Extremamente preocupado,Talvez tomaria
2024/03/15 6:17:26 AM GMT-3,21,20-29,Masculino,Médio completo,Trabalho;Estudo,1 a 3 salários mínimos,Nenhuma,Sim,GO,Goiânia,XX,,Apartamento,0,"Internet (redes sociais, sites oficiais)",Vírus,100,Picada do mosquito Aedes Aegypt,"100,00",Febre;Dores no corpo,"83,33",Usar repelente,"66,67","Não deixar água parada em garrafas, vasos de planta e pneus;Manter lixeiras tampadas e protegidas da chuva;Retirar água de plantas que acumulam água, como as bromélias;Limpar as calhas;Descartar adequadamente objetos que acumulam água","100,00",90,Nunca tive dengue,4,1,Frequentemente,Muito preocupado,Certamente tomaria
2024/03/15 6:22:52 AM GMT-3,22,20-29,Feminino,Médio completo,Trabalho;Estudo,4 a 6 salários mínimos,Uma,Não,SC,Joinville,Iririú,Nordeste,Casa,3,"Mídia tradicional (TV, rádio, jornal)",Vírus,100,Picada do mosquito Aedes Aegypt,"100,00",Febre;Dores no corpo;Manchas pelo corpo,"100,00",Usar repelente;Tomar uma vacina,"100,00","Não deixar água parada em garrafas, vasos de planta e pneus;Manter lixeiras tampadas e protegidas da chuva;Retirar água de plantas que acumulam água, como as bromélias;Limpar as calhas;Descartar adequadamente objetos que acumulam água","100,00",100,Moderadamente satisfatório,5,1,Frequentemente,Extremamente preocupado,Talvez tomaria
2024/03/15 7:48:17 AM GMT-3,26,20-29,Feminino,Médio completo,Estudo,1 a 3 salários mínimos,Uma,Sim,SC,Joinville,Morro do Meio,Oeste,Casa,2,"Internet (redes sociais, sites oficiais)",Vírus,100,Picada do mosquito Aedes Aegypt,"100,00",Febre;Dores no corpo;Manchas pelo corpo,"100,00",Usar repelente;Tomar uma vacina,"100,00","Não deixar água parada em garrafas, vasos de planta e pneus;Manter lixeiras tampadas e protegidas da chuva;Limpar as calhas;Descartar adequadamente objetos que acumulam água","80,00",96,Moderadamente satisfatório,3,2,Frequentemente,Muito preocupado,Certamente tomaria
2024/03/15 8:13:12 AM GMT-3,22,20-29,Feminino,Superior completo,Trabalho;Estudo,4 a 6 salários mínimos,Nenhuma,Não,SC,Itajaí,Limoeiro,,Casa,2,"Internet (redes sociais, sites oficiais)",Vírus,100,Picada do mosquito Aedes Aegypt,"100,00",Febre;Dores no corpo;Manchas pelo corpo,"100,00",Usar repelente,"66,67","Não deixar água parada em garrafas, vasos de planta e pneus;Manter lixeiras tampadas e protegidas da chuva;Limpar as calhas;Descartar adequadamente objetos que acumulam água","80,00","89,33",Nunca tive dengue,3,2,Frequentemente,Moderadamente preocupado,Certamente tomaria
2024/03/15 8:18:32 AM GMT-3,43,40-49,Feminino,Médio completo,Estudo,1 a 3 salários mínimos,Nenhuma,Sim,SC,Itajaí,Limoeiro,,Casa,2,Profissionais de saúde,Vírus,100,Picada do mosquito Aedes Aegypt,"100,00",Febre;Dores no corpo;Manchas pelo corpo,"100,00",Usar repelente,"66,67","Não deixar água parada em garrafas, vasos de planta e pneus;Manter lixeiras tampadas e protegidas da chuva;Retirar água de plantas que acumulam água, como as bromélias;Limpar as calhas;Descartar adequadamente objetos que acumulam água","100,00","93,33",Nunca tive dengue,2,2,Frequentemente,Moderadamente preocupado,Certamente tomaria
2024/03/15 8:18:52 AM GMT-3,44,40-49,Masculino,Fundamental completo,Trabalho,1 a 3 salários mínimos,Uma,Sim,SC,Joinville,Comasa,Leste,Casa,1,"Internet (redes sociais, sites oficiais)",Parasita,0,Picada do mosquito Aedes Aegypt,"100,00",Febre;Dores no corpo,"83,33",Usar repelente,"66,67","Não deixar água parada em garrafas, vasos de planta e pneus;Manter lixeiras tampadas e protegidas da chuva;Retirar água de plantas que acumulam água, como as bromélias;Limpar as calhas;Descartar adequadamente objetos que acumulam água","100,00",70,Moderadamente satisfatório,4,2,Frequentemente,Extremamente preocupado,Não tomaria
2024/03/15 8:19:37 AM GMT-3,47,40-49,Feminino,Fundamental completo,,Prefiro não informar,Nenhuma,Sim,SC,Joinville,Aventureiro,Nordeste,Casa,3,"Internet (redes sociais, sites oficiais)",Parasita,0,Picada do mosquito Aedes Aegypt,"100,00",Febre;Dores no corpo;Manchas pelo corpo,"100,00",Usar repelente,"66,67","Não deixar água parada em garrafas, vasos de planta e pneus;Manter lixeiras tampadas e protegidas da chuva;Retirar água de plantas que acumulam água, como as bromélias;Limpar as calhas;Descartar adequadamente objetos que acumulam água","100,00","73,33",Nunca tive dengue,5,1,Sempre,Extremamente preocupado,Talvez tomaria
2024/03/15 8:20:54 AM GMT-3,37,30-39,Feminino,Superior completo,Trabalho;Estudo,1 a 3 salários mínimos,Nenhuma,Sim,SC,São Francisco do Sul,Ubatuba,,Casa,2,Profissionais de saúde,Vírus,100,Picada do mosquito Aedes Aegypt,"100,00",Febre;Dores no corpo;Manchas pelo corpo,"100,00",Usar repelente,"66,67","Não deixar água parada em garrafas, vasos de planta e pneus;Manter lixeiras tampadas e protegidas da chuva;Retirar água de plantas que acumulam água, como as bromélias;Limpar as calhas;Descartar adequadamente objetos que acumulam água","100,00","93,33",Nunca tive dengue,3,1,Frequentemente,Muito preocupado,Certamente tomaria
2024/03/15 8:26:18 AM GMT-3,24,20-29,Feminino,Médio completo,Trabalho;Estudo,Prefiro não informar,Nenhuma,Sim,SC,Araquari,Itinga,Sul,Apartamento,0,"Internet (redes sociais, sites oficiais)",Vírus,100,Picada do mosquito Aedes Aegypt,"100,00",Febre;Dores no corpo;Manchas pelo corpo,"100,00",Usar repelente;Tomar uma vacina,"100,00","Não deixar água parada em garrafas, vasos de planta e pneus;Manter lixeiras tampadas e protegidas da chuva;Retirar água de plantas que acumulam água, como as bromélias;Limpar as calhas;Descartar adequadamente objetos que acumulam água","100,00",100,Nunca tive dengue,3,2,Às vezes,Extremamente preocupado,Certamente tomaria
2024/03/15 8:28:04 AM GMT-3,41,40-49,Feminino,Médio completo,Trabalho,4 a 6 salários mínimos,Duas,Sim,SC,Joinville,Boa Vista,Leste,Casa,4,"Mídia tradicional (TV, rádio, jornal)",Parasita,0,Picada do mosquito Aedes Aegypt,"100,00",Febre;Dores no corpo;Manchas pelo corpo,"100,00",Usar repelente;Tomar uma vacina,"100,00","Não deixar água parada em garrafas, vasos de planta e pneus;Manter lixeiras tampadas e protegidas da chuva;Retirar água de plantas que acumulam água, como as bromélias;Limpar as calhas;Descartar adequadamente objetos que acumulam água","100,00",80,Moderadamente satisfatório,3,3,Frequentemente,Moderadamente preocupado,Certamente tomaria
2024/03/15 8:31:47 AM GMT-3,39,30-39,Masculino,Superior completo,Trabalho,4 a 6 salários mínimos,Nenhuma,Sim,SC,Joinville,Costa e Silva,Norte,Casa,3,"Internet (redes sociais, sites oficiais)",Vírus,100,Picada do mosquito Aedes Aegypt,"100,00",Febre;Dores no corpo;Manchas pelo corpo,"100,00",Usar repelente,"66,67","Não deixar água parada em garrafas, vasos de planta e pneus;Manter lixeiras tampadas e protegidas da chuva;Retirar água de plantas que acumulam água, como as bromélias;Limpar as calhas;Descartar adequadamente objetos que acumulam água","100,00","93,33",Nunca tive dengue,4,2,Frequentemente,Moderadamente preocupado,Talvez tomaria
2024/03/15 8:39:20 AM GMT-3,36,30-39,Feminino,Superior completo,Trabalho,4 a 6 salários mínimos,Uma,Sim,SC,Joinville,Vila Nova,Oeste,Casa,3,"Internet (redes sociais, sites oficiais)",Vírus,100,Picada do mosquito Aedes Aegypt,"100,00",Febre;Dores no corpo;Manchas pelo corpo,"100,00",Usar repelente;Tomar uma vacina,"100,00","Não deixar água parada em garrafas, vasos de planta e pneus;Manter lixeiras tampadas e protegidas da chuva;Retirar água de plantas que acumulam água, como as bromélias;Limpar as calhas;Descartar adequadamente objetos que acumulam água","100,00",100,Satisfatório,4,3,Sempre,Extremamente preocupado,Certamente tomaria
2024/03/15 8:44:59 AM GMT-3,48,40-49,Masculino,Superior completo,Trabalho;Estudo,1 a 3 salários mínimos,Uma,Não,SC,Joinville,Costa e Silva,Norte,Apartamento,3,"Mídia tradicional (TV, rádio, jornal)",Vírus,100,Picada do mosquito Aedes Aegypt,"100,00",Febre;Dores no corpo;Manchas pelo corpo,"100,00",Usar repelente,"66,67","Não deixar água parada em garrafas, vasos de planta e pneus;Manter lixeiras tampadas e protegidas da chuva;Retirar água de plantas que acumulam água, como as bromélias;Limpar as calhas;Descartar adequadamente objetos que acumulam água","100,00","93,33",Satisfatório,4,1,Sempre,Muito preocupado,Certamente tomaria
2024/03/15 8:49:24 AM GMT-3,18,10-19,Feminino,Médio completo,Trabalho,7 a 10 salários mínimos,Nenhuma,Não,SC,Joinville,João Costa,Sudeste,Casa,3,"Internet (redes sociais, sites oficiais)",Vírus,100,Ingestão de água ou alimentos contaminados,"50,00",Dores no corpo,"66,67",Usar repelente,"66,67","Não deixar água parada em garrafas, vasos de planta e pneus","20,00","60,67",Nunca tive dengue,5,4,Frequentemente,Moderadamente preocupado,Certamente tomaria
2024/03/15 9:14:18 AM GMT-3,45,40-49,Masculino,Médio completo,Trabalho,4 a 6 salários mínimos,Nenhuma,Sim,SC,Joinville,Fátima,Sudeste,Casa,3,"Mídia tradicional (TV, rádio, jornal)",Vírus,100,Picada do mosquito Aedes Aegypt,"100,00",Febre;Dores no corpo;Manchas pelo corpo,"100,00",Usar repelente;Tomar uma vacina,"100,00","Não deixar água parada em garrafas, vasos de planta e pneus;Manter lixeiras tampadas e protegidas da chuva;Retirar água de plantas que acumulam água, como as bromélias;Limpar as calhas;Descartar adequadamente objetos que acumulam água","100,00",100,Nunca tive dengue,1,1,Sempre,Moderadamente preocupado,Não tomaria
2024/03/15 9:20:50 AM GMT-3,19,10-19,Feminino,Médio completo,Trabalho;Estudo,1 a 3 salários mínimos,Nenhuma,Sim,SC,Joinville,Paranaguamirim,Sudeste,Casa,2,Profissionais de saúde,Parasita,0,Picada do mosquito Aedes Aegypt,"100,00",Febre;Dores no corpo;Manchas pelo corpo,"100,00",Usar repelente;Tomar uma vacina,"100,00","Não deixar água parada em garrafas, vasos de planta e pneus;Manter lixeiras tampadas e protegidas da chuva;Retirar água de plantas que acumulam água, como as bromélias;Limpar as calhas;Descartar adequadamente objetos que acumulam água","100,00",80,Nunca tive dengue,4,1,Frequentemente,Muito preocupado,Certamente tomaria
2024/03/15 9:33:44 AM GMT-3,42,40-49,Feminino,Médio completo,Trabalho,4 a 6 salários mínimos,Uma,Não,SC,Joinville,Paranaguamirim,Sudeste,Casa,3,"Mídia tradicional (TV, rádio, jornal)",Vírus,100,Picada do mosquito Aedes Aegypt,"100,00",Febre;Dores no corpo;Manchas pelo corpo,"100,00",Usar repelente;Tomar uma vacina,"100,00","Não deixar água parada em garrafas, vasos de planta e pneus;Manter lixeiras tampadas e protegidas da chuva;Retirar água de plantas que acumulam água, como as bromélias;Limpar as calhas;Descartar adequadamente objetos que acumulam água","100,00",100,Moderadamente satisfatório,4,4,Sempre,Extremamente preocupado,Certamente tomaria
2024/03/15 9:37:17 AM GMT-3,29,20-29,Feminino,Médio completo,Estudo,Até 1 salário mínimo,Uma,Sim,SC,Joinville,Jarivatuba,Sudeste,Casa,3,"Mídia tradicional (TV, rádio, jornal)",Parasita,0,Picada do mosquito Aedes Aegypt,"100,00",Febre;Dores no corpo;Manchas pelo corpo,"100,00",Usar repelente,"66,67","Não deixar água parada em garrafas, vasos de planta e pneus;Manter lixeiras tampadas e protegidas da chuva;Retirar água de plantas que acumulam água, como as bromélias;Limpar as calhas;Descartar adequadamente objetos que acumulam água","100,00","73,33",Pouco satisfatório,5,1,Sempre,Extremamente preocupado,Certamente tomaria
2024/03/15 9:45:28 AM GMT-3,41,40-49,Feminino,Médio completo,Trabalho,Até 1 salário mínimo,Nenhuma,Sim,XX,Itajaí,XX,,Casa,3,Profissionais de saúde,Parasita,0,Picada do mosquito Aedes Aegypt,"100,00",Febre;Dores no corpo;Perda do olfato e paladar;Manchas pelo corpo;Tosse;Dor de garganta,"50,00",Usar repelente,"66,67","Não deixar água parada em garrafas, vasos de planta e pneus;Manter lixeiras tampadas e protegidas da chuva;Retirar água de plantas que acumulam água, como as bromélias;Limpar as calhas;Descartar adequadamente objetos que acumulam água","100,00","63,33",Nunca tive dengue,5,3,Às vezes,Moderadamente preocupado,Certamente tomaria
2024/03/15 9:46:22 AM GMT-3,45,40-49,Masculino,Médio completo,Trabalho,4 a 6 salários mínimos,Uma,Sim,SC,Joinville,Adhemar Garcia,Sudeste,Casa,4,"Internet (redes sociais, sites oficiais)",Vírus,100,Picada do mosquito Aedes Aegypt,"100,00",Febre;Dores no corpo;Perda do olfato e paladar;Manchas pelo corpo;Tosse;Dor de garganta,"50,00",Tomar uma vacina,"66,67","Não deixar água parada em garrafas, vasos de planta e pneus;Manter lixeiras tampadas e protegidas da chuva;Retirar água de plantas que acumulam água, como as bromélias;Limpar as calhas;Descartar adequadamente objetos que acumulam água","100,00","83,33",Moderadamente satisfatório,3,3,Frequentemente,Muito preocupado,Certamente tomaria
2024/03/15 10:01:40 AM GMT-3,28,20-29,Feminino,Superior completo,Trabalho,Até 1 salário mínimo,Duas,Sim,SC,Joinville,Comasa,Leste,Casa,2,Amigos e familiares,Vírus,100,Picada do mosquito Aedes Aegypt,"100,00",Febre;Dores no corpo;Manchas pelo corpo,"100,00",Usar repelente,"66,67","Não deixar água parada em garrafas, vasos de planta e pneus;Manter lixeiras tampadas e protegidas da chuva;Retirar água de plantas que acumulam água, como as bromélias;Limpar as calhas;Descartar adequadamente objetos que acumulam água","100,00","93,33",Satisfatório,4,1,Sempre,Extremamente preocupado,Talvez tomaria
2024/03/15 10:07:10 AM GMT-3,53,50-59,Feminino,Médio completo,Trabalho,7 a 10 salários mínimos,Nenhuma,Não,MG,Belo Horizonte,Buritis,,Apartamento,3,"Internet (redes sociais, sites oficiais)",Parasita,0,Picada do mosquito Aedes Aegypt,"100,00",Febre;Dores no corpo,"83,33",Usar repelente,"66,67","Não deixar água parada em garrafas, vasos de planta e pneus;Manter lixeiras tampadas e protegidas da chuva;Retirar água de plantas que acumulam água, como as bromélias;Limpar as calhas;Descartar adequadamente objetos que acumulam água","100,00",70,Nunca tive dengue,4,1,Frequentemente,Moderadamente preocupado,Não tomaria
2024/03/15 10:17:48 AM GMT-3,32,30-39,Feminino,Médio completo,Trabalho,4 a 6 salários mínimos,Nenhuma,Não,SC,Joinville,Paranaguamirim,Sudeste,Casa,4,"Internet (redes sociais, sites oficiais)",Parasita,0,Picada do mosquito Aedes Aegypt,"100,00",Febre;Dores no corpo;Manchas pelo corpo,"100,00",Usar repelente;Tomar uma vacina,"100,00","Não deixar água parada em garrafas, vasos de planta e pneus;Manter lixeiras tampadas e protegidas da chuva;Retirar água de plantas que acumulam água, como as bromélias;Limpar as calhas;Descartar adequadamente objetos que acumulam água","100,00",80,Nunca tive dengue,3,1,Frequentemente,Extremamente preocupado,Certamente tomaria
2024/03/15 10:20:28 AM GMT-3,39,30-39,Feminino,Superior completo,Trabalho;Estudo,4 a 6 salários mínimos,Duas,Sim,GO,Goiânia,XX,,Casa,3,"Mídia tradicional (TV, rádio, jornal)",Vírus,100,Picada do mosquito Aedes Aegypt,"100,00",Febre;Dores no corpo;Manchas pelo corpo,"100,00",Usar repelente,"66,67","Não deixar água parada em garrafas, vasos de planta e pneus;Manter lixeiras tampadas e protegidas da chuva;Retirar água de plantas que acumulam água, como as bromélias;Limpar as calhas;Descartar adequadamente objetos que acumulam água","100,00","93,33",Muito satisfatório,4,4,Frequentemente,Extremamente preocupado,Talvez tomaria
2024/03/15 10:20:29 AM GMT-3,43,40-49,Feminino,Médio completo,Trabalho,1 a 3 salários mínimos,Nenhuma,Sim,SC,Itajaí,Limoeiro,,Casa,3,"Internet (redes sociais, sites oficiais)",Vírus,100,Picada do mosquito Aedes Aegypt,"100,00",Febre;Dores no corpo;Manchas pelo corpo,"100,00",Usar repelente,"66,67","Não deixar água parada em garrafas, vasos de planta e pneus;Manter lixeiras tampadas e protegidas da chuva;Retirar água de plantas que acumulam água, como as bromélias;Limpar as calhas;Descartar adequadamente objetos que acumulam água","100,00","93,33",Nunca tive dengue,3,2,Frequentemente,Muito preocupado,Talvez tomaria
2024/03/15 10:27:33 AM GMT-3,69,60-70,Feminino,Fundamental incompleto,,4 a 6 salários mínimos,Uma,Sim,SC,Joinville,Comasa,Leste,Casa,4,"Internet (redes sociais, sites oficiais)",Vírus,100,Picada do mosquito Tsé-Tsé;Picada do mosquito Aedes Aegypt,"75,00",Febre;Dores no corpo;Manchas pelo corpo,"100,00",Usar repelente;Tomar uma vacina,"100,00","Não deixar água parada em garrafas, vasos de planta e pneus;Manter lixeiras tampadas e protegidas da chuva;Retirar água de plantas que acumulam água, como as bromélias;Limpar as calhas;Descartar adequadamente objetos que acumulam água","100,00",95,Satisfatório,4,4,Frequentemente,Muito preocupado,Certamente tomaria
2024/03/15 10:31:43 AM GMT-3,29,20-29,Feminino,Superior completo,Trabalho;Estudo,4 a 6 salários mínimos,Nenhuma,Sim,SC,Itajaí,Santa Regina,,Apartamento,1,"Internet (redes sociais, sites oficiais)",Vírus,100,Picada do mosquito Aedes Aegypt,"100,00",Febre;Dores no corpo;Manchas pelo corpo,"100,00",Usar repelente,"66,67","Não deixar água parada em garrafas, vasos de planta e pneus;Manter lixeiras tampadas e protegidas da chuva;Retirar água de plantas que acumulam água, como as bromélias;Limpar as calhas;Descartar adequadamente objetos que acumulam água","100,00","93,33",Nunca tive dengue,4,3,Frequentemente,Muito preocupado,Não tomaria
2024/03/15 10:35:31 AM GMT-3,37,30-39,Feminino,Superior completo,Trabalho,7 a 10 salários mínimos,Nenhuma,Sim,SC,Joinville,Morro do Meio,Oeste,Casa,5,Profissionais de saúde,Vírus,100,Picada do mosquito Aedes Aegypt,"100,00",Febre;Dores no corpo;Manchas pelo corpo;Dor de garganta,"83,33",Usar repelente,"66,67","Não deixar água parada em garrafas, vasos de planta e pneus;Manter lixeiras tampadas e protegidas da chuva;Retirar água de plantas que acumulam água, como as bromélias;Limpar as calhas;Descartar adequadamente objetos que acumulam água","100,00",90,Nunca tive dengue,3,3,Frequentemente,Moderadamente preocupado,Talvez tomaria
2024/03/15 10:50:28 AM GMT-3,22,20-29,Feminino,Médio completo,Estudo,1 a 3 salários mínimos,Nenhuma,Sim,SC,Camboriu,Monte Alegre,,Casa,2,"Internet (redes sociais, sites oficiais)",Parasita,0,Picada do mosquito Aedes Aegypt,"100,00",Febre;Dores no corpo;Dor de garganta,"66,67",Usar repelente,"66,67","Não deixar água parada em garrafas, vasos de planta e pneus;Manter lixeiras tampadas e protegidas da chuva;Retirar água de plantas que acumulam água, como as bromélias;Limpar as calhas;Descartar adequadamente objetos que acumulam água","100,00","66,67",Nunca tive dengue,3,1,Sempre,Moderadamente preocupado,Certamente tomaria
2024/03/15 10:55:38 AM GMT-3,45,40-49,Masculino,Médio completo,Trabalho;Estudo,1 a 3 salários mínimos,Uma,Não,SC,Joinville,Itinga,Sul,Casa,4,Profissionais de saúde,Vírus,100,Picada do mosquito Aedes Aegypt,"100,00",Febre;Dores no corpo;Manchas pelo corpo;Dor de garganta,"83,33",Usar repelente,"66,67","Não deixar água parada em garrafas, vasos de planta e pneus;Manter lixeiras tampadas e protegidas da chuva;Retirar água de plantas que acumulam água, como as bromélias;Limpar as calhas;Descartar adequadamente objetos que acumulam água","100,00",90,Pouco satisfatório,5,1,Sempre,Extremamente preocupado,Certamente tomaria
2024/03/15 10:59:16 AM GMT-3,21,20-29,Masculino,Médio completo,Trabalho;Estudo,1 a 3 salários mínimos,Nenhuma,Sim,SC,Joinville,Jarivatuba,Sudeste,Casa,3,"Mídia tradicional (TV, rádio, jornal)",Vírus,100,Picada do mosquito Aedes Aegypt,"100,00",Febre;Dores no corpo;Manchas pelo corpo,"100,00",Usar repelente;Tomar uma vacina,"100,00","Não deixar água parada em garrafas, vasos de planta e pneus;Manter lixeiras tampadas e protegidas da chuva;Retirar água de plantas que acumulam água, como as bromélias;Limpar as calhas;Descartar adequadamente objetos que acumulam água","100,00",100,Nunca tive dengue,3,2,Às vezes,Moderadamente preocupado,Certamente tomaria
2024/03/15 11:07:16 AM GMT-3,21,20-29,Feminino,Médio completo,Trabalho;Estudo,1 a 3 salários mínimos,Nenhuma,Sim,SC,Joinville,Floresta,Sul,Casa,1,Amigos e familiares,Parasita,0,Picada do mosquito Aedes Aegypt,"100,00",Febre;Dores no corpo;Manchas pelo corpo;Tosse;Dor de garganta,"66,67",Usar repelente;Tomar uma vacina,"100,00","Não deixar água parada em garrafas, vasos de planta e pneus;Manter lixeiras tampadas e protegidas da chuva;Retirar água de plantas que acumulam água, como as bromélias;Limpar as calhas;Descartar adequadamente objetos que acumulam água","100,00","73,33",Nunca tive dengue,3,3,Sempre,Muito preocupado,Certamente tomaria
2024/03/15 11:27:51 AM GMT-3,48,40-49,Masculino,Superior completo,Trabalho,Prefiro não informar,Nenhuma,Não,PR,Curitiba,Água Verde,,Apartamento,1,"Mídia tradicional (TV, rádio, jornal)",Vírus,100,Picada do mosquito Aedes Aegypt,"100,00",Febre;Dores no corpo;Manchas pelo corpo,"100,00",Usar repelente,"66,67","Não deixar água parada em garrafas, vasos de planta e pneus;Manter lixeiras tampadas e protegidas da chuva;Retirar água de plantas que acumulam água, como as bromélias;Limpar as calhas;Descartar adequadamente objetos que acumulam água","100,00","93,33",Nunca tive dengue,4,2,Nunca,Muito preocupado,Não tomaria
2024/03/15 11:34:24 AM GMT-3,65,60-70,Masculino,Superior completo,Trabalho;Estudo,4 a 6 salários mínimos,Uma,Não,SC,Itajaí,Espinheiros,Leste,Casa,1,"Internet (redes sociais, sites oficiais)",Vírus,100,Picada do mosquito Aedes Aegypt,"100,00",Febre;Dores no corpo;Manchas pelo corpo,"100,00",Usar repelente,"66,67","Não deixar água parada em garrafas, vasos de planta e pneus;Manter lixeiras tampadas e protegidas da chuva;Retirar água de plantas que acumulam água, como as bromélias;Limpar as calhas;Descartar adequadamente objetos que acumulam água","100,00","93,33",Insatisfatório,1,1,Frequentemente,Muito preocupado,Certamente tomaria
2024/03/15 12:18:13 PM GMT-3,26,20-29,Masculino,Médio completo,Trabalho,7 a 10 salários mínimos,Nenhuma,Sim,SC,Joinville,Glória,Centro,Apartamento,0,"Internet (redes sociais, sites oficiais)",Vírus,100,Picada do mosquito Aedes Aegypt,"100,00",Febre;Dores no corpo;Manchas pelo corpo,"100,00",Usar repelente,"66,67","Não deixar água parada em garrafas, vasos de planta e pneus;Manter lixeiras tampadas e protegidas da chuva;Retirar água de plantas que acumulam água, como as bromélias;Limpar as calhas;Descartar adequadamente objetos que acumulam água","100,00","93,33",Nunca tive dengue,3,4,Às vezes,Pouco preocupado,Certamente tomaria
2024/03/15 12:22:01 PM GMT-3,48,40-49,Feminino,Superior completo,Trabalho,4 a 6 salários mínimos,Nenhuma,Sim,SC,Joinville,Floresta,Sul,Casa,3,Amigos e familiares,Parasita,0,Picada do mosquito Aedes Aegypt,"100,00",Dores no corpo;Manchas pelo corpo,"83,33",Usar repelente;Tomar uma vacina,"100,00","Não deixar água parada em garrafas, vasos de planta e pneus;Manter lixeiras tampadas e protegidas da chuva;Retirar água de plantas que acumulam água, como as bromélias;Limpar as calhas;Descartar adequadamente objetos que acumulam água","100,00","76,67",Nunca tive dengue,5,5,Sempre,Extremamente preocupado,Certamente tomaria
2024/03/15 12:45:17 PM GMT-3,22,20-29,Masculino,Médio completo,Trabalho;Estudo,4 a 6 salários mínimos,Nenhuma,Sim,SC,Joinville,Costa e Silva,Norte,Apartamento,1,"Internet (redes sociais, sites oficiais)",Vírus,100,Picada do mosquito Aedes Aegypt,"100,00",Febre;Dores no corpo;Manchas pelo corpo,"100,00",Usar repelente;Tomar uma vacina,"100,00","Não deixar água parada em garrafas, vasos de planta e pneus;Manter lixeiras tampadas e protegidas da chuva;Retirar água de plantas que acumulam água, como as bromélias;Limpar as calhas;Descartar adequadamente objetos que acumulam água","100,00",100,Nunca tive dengue,5,4,Às vezes,Moderadamente preocupado,Certamente tomaria
2024/03/15 12:57:40 PM GMT-3,42,40-49,Masculino,Superior completo,Trabalho,4 a 6 salários mínimos,Nenhuma,Sim,SC,Joinville,Santo Antônio,Norte,Casa,3,"Internet (redes sociais, sites oficiais)",Parasita,0,Picada do mosquito Aedes Aegypt,"100,00",Febre;Dores no corpo,"83,33",Usar repelente;Tomar uma vacina,"100,00","Não deixar água parada em garrafas, vasos de planta e pneus;Manter lixeiras tampadas e protegidas da chuva;Retirar água de plantas que acumulam água, como as bromélias;Limpar as calhas;Descartar adequadamente objetos que acumulam água","100,00","76,67",Nunca tive dengue,5,4,Frequentemente,Muito preocupado,Certamente tomaria
2024/03/15 1:29:59 PM GMT-3,38,30-39,Masculino,Superior completo,Trabalho,Prefiro não informar,Nenhuma,Sim,SC,Joinville,Iririú,Nordeste,Casa,1,"Internet (redes sociais, sites oficiais)",Vírus,100,Picada do mosquito Aedes Aegypt,"100,00",Febre;Dores no corpo;Manchas pelo corpo,"100,00",Usar repelente,"66,67","Não deixar água parada em garrafas, vasos de planta e pneus;Manter lixeiras tampadas e protegidas da chuva;Retirar água de plantas que acumulam água, como as bromélias;Limpar as calhas;Descartar adequadamente objetos que acumulam água","100,00","93,33",Nunca tive dengue,4,3,Nunca,Muito preocupado,Talvez tomaria
2024/03/15 1:31:51 PM GMT-3,41,40-49,Feminino,Médio completo,Trabalho,1 a 3 salários mínimos,Uma,Sim,SC,Joinville,Aventureiro,Nordeste,Casa,5,Profissionais de saúde,Vírus,100,Picada do mosquito Aedes Aegypt,"100,00",Febre;Dores no corpo;Manchas pelo corpo,"100,00",Usar repelente;Tomar uma vacina,"100,00","Não deixar água parada em garrafas, vasos de planta e pneus;Retirar água de plantas que acumulam água, como as bromélias;Limpar as calhas","60,00",92,Satisfatório,4,3,Sempre,Extremamente preocupado,Talvez tomaria
2024/03/15 1:49:49 PM GMT-3,55,50-59,Masculino,Superior completo,Trabalho,1 a 3 salários mínimos,Nenhuma,Sim,PR,Colombo,Jardim Osasco,,Casa,1,Amigos e familiares,Vírus,100,Picada do mosquito Aedes Aegypt,"100,00",Febre;Dores no corpo;Manchas pelo corpo;Dor de garganta,"83,33",Tomar uma vacina,"66,67","Não deixar água parada em garrafas, vasos de planta e pneus;Manter lixeiras tampadas e protegidas da chuva;Retirar água de plantas que acumulam água, como as bromélias;Limpar as calhas;Descartar adequadamente objetos que acumulam água","100,00",90,Moderadamente satisfatório,3,3,Às vezes,Moderadamente preocupado,Certamente tomaria
2024/03/15 2:55:19 PM GMT-3,55,50-59,Feminino,Superior completo,Estudo,Até 1 salário mínimo,Nenhuma,Sim,SC,Joinville,Costa e Silva,Norte,Casa,4,"Internet (redes sociais, sites oficiais)",Vírus,100,Picada do mosquito Aedes Aegypt,"100,00",Febre;Dores no corpo;Perda do olfato e paladar;Manchas pelo corpo,"83,33",Usar repelente,"66,67","Não deixar água parada em garrafas, vasos de planta e pneus;Manter lixeiras tampadas e protegidas da chuva;Retirar água de plantas que acumulam água, como as bromélias;Limpar as calhas;Descartar adequadamente objetos que acumulam água","100,00",90,Nunca tive dengue,4,3,Sempre,Moderadamente preocupado,Não tomaria
2024/03/15 3:19:25 PM GMT-3,35,30-39,Feminino,Superior completo,,Prefiro não informar,Nenhuma,Sim,SC,Joinville,Aventureiro,Nordeste,Casa,3,"Mídia tradicional (TV, rádio, jornal)",Vírus,100,Picada do mosquito Aedes Aegypt,"100,00",Febre;Dores no corpo;Manchas pelo corpo,"100,00",Usar repelente,"66,67","Não deixar água parada em garrafas, vasos de planta e pneus;Manter lixeiras tampadas e protegidas da chuva;Retirar água de plantas que acumulam água, como as bromélias;Limpar as calhas;Descartar adequadamente objetos que acumulam água","100,00","93,33",Nunca tive dengue,5,3,Sempre,Muito preocupado,Talvez tomaria
2024/03/15 3:33:51 PM GMT-3,24,20-29,Masculino,Médio completo,Trabalho;Estudo,1 a 3 salários mínimos,Nenhuma,Sim,GO,Goiânia,XX,,Casa,2,"Internet (redes sociais, sites oficiais)",Vírus,100,Picada do mosquito Aedes Aegypt,"100,00",Febre;Dores no corpo,"83,33",Usar repelente,"66,67","Não deixar água parada em garrafas, vasos de planta e pneus;Manter lixeiras tampadas e protegidas da chuva;Retirar água de plantas que acumulam água, como as bromélias;Limpar as calhas;Descartar adequadamente objetos que acumulam água","100,00",90,Nunca tive dengue,2,1,Às vezes,Pouco preocupado,Não tomaria
2024/03/15 3:40:05 PM GMT-3,20,20-29,Feminino,Médio completo,Estudo,1 a 3 salários mínimos,Uma,Sim,SC,Joinville,Costa e Silva,Norte,Casa,2,"Mídia tradicional (TV, rádio, jornal)",Vírus,100,Picada do mosquito Aedes Aegypt,"100,00",Febre;Dores no corpo;Perda do olfato e paladar;Manchas pelo corpo,"83,33",Usar repelente;Tomar uma vacina,"100,00","Não deixar água parada em garrafas, vasos de planta e pneus;Manter lixeiras tampadas e protegidas da chuva;Retirar água de plantas que acumulam água, como as bromélias;Limpar as calhas;Descartar adequadamente objetos que acumulam água","100,00","96,67",Muito satisfatório,3,2,Sempre,Nada preocupado,Certamente tomaria
2024/03/15 4:21:07 PM GMT-3,41,40-49,Masculino,Médio completo,Trabalho,1 a 3 salários mínimos,Nenhuma,Não,SC,Balneário Barra do Sul,Costeira,,Casa,4,Profissionais de saúde,Vírus,100,Picada do mosquito Aedes Aegypt,"100,00",Febre;Dores no corpo;Manchas pelo corpo,"100,00",Usar repelente,"66,67","Não deixar água parada em garrafas, vasos de planta e pneus;Manter lixeiras tampadas e protegidas da chuva;Retirar água de plantas que acumulam água, como as bromélias;Limpar as calhas;Descartar adequadamente objetos que acumulam água","100,00","93,33",Nunca tive dengue,1,5,Nunca,Nada preocupado,Certamente tomaria
2024/03/15 4:30:07 PM GMT-3,27,20-29,Masculino,Superior completo,Trabalho,Até 1 salário mínimo,Nenhuma,Sim,RJ,Rio de Janeiro,Cidade Universitaria,,Casa,5,Amigos e familiares,Bactéria,0,Picada do mosquito Aedes Aegypt,"100,00",Febre;Dores no corpo;Tosse,"66,67",Usar repelente,"66,67","Não deixar água parada em garrafas, vasos de planta e pneus;Manter lixeiras tampadas e protegidas da chuva;Retirar água de plantas que acumulam água, como as bromélias;Limpar as calhas;Descartar adequadamente objetos que acumulam água","100,00","66,67",Nunca tive dengue,3,2,Às vezes,Pouco preocupado,Certamente tomaria
2024/03/16 8:24:25 AM GMT-3,20,20-29,Feminino,Médio completo,Trabalho;Estudo,1 a 3 salários mínimos,Nenhuma,Sim,GO,Aparecida de Goiânia,Cidade Livre,,Casa,3,"Internet (redes sociais, sites oficiais)",Vírus,100,Picada do mosquito Aedes Aegypt,"100,00",Febre;Dores no corpo;Manchas pelo corpo,"100,00",Tomar uma vacina,"66,67","Não deixar água parada em garrafas, vasos de planta e pneus;Manter lixeiras tampadas e protegidas da chuva;Retirar água de plantas que acumulam água, como as bromélias;Limpar as calhas;Descartar adequadamente objetos que acumulam água","100,00","93,33",Nunca tive dengue,3,2,Frequentemente,Moderadamente preocupado,Certamente tomaria
2024/03/16 2:20:43 PM GMT-3,50,50-59,Masculino,Fundamental incompleto,Trabalho,4 a 6 salários mínimos,Uma,Sim,SC,Joinville,Aventureiro,Nordeste,Casa,2,Amigos e familiares,Vírus,100,Picada do mosquito Aedes Aegypt,"100,00",Febre;Dores no corpo;Manchas pelo corpo,"100,00",Usar protetor solar,"0,00","Não deixar água parada em garrafas, vasos de planta e pneus;Manter lixeiras tampadas e protegidas da chuva;Retirar água de plantas que acumulam água, como as bromélias;Limpar as calhas;Descartar adequadamente objetos que acumulam água","100,00",80,Moderadamente satisfatório,4,3,Frequentemente,Extremamente preocupado,Certamente tomaria
2024/03/16 2:42:42 PM GMT-3,35,30-39,Feminino,Superior completo,Trabalho,Prefiro não informar,Nenhuma,Não,SC,Joinville,Centro,Centro,Apartamento,1,"Internet (redes sociais, sites oficiais)",Parasita,0,Picada do mosquito Aedes Aegypt,"100,00",Febre;Dores no corpo;Manchas pelo corpo,"100,00",Usar repelente,"66,67","Não deixar água parada em garrafas, vasos de planta e pneus;Manter lixeiras tampadas e protegidas da chuva;Retirar água de plantas que acumulam água, como as bromélias;Limpar as calhas;Descartar adequadamente objetos que acumulam água","100,00","73,33",Nunca tive dengue,4,3,Frequentemente,Moderadamente preocupado,Não tomaria
2024/03/16 4:14:56 PM GMT-3,53,50-59,Feminino,Superior completo,Trabalho,1 a 3 salários mínimos,Três ou mais,Sim,SC,Joinville,Saguaçu,Centro,Apartamento,1,Amigos e familiares,Parasita,0,Picada do mosquito Aedes Aegypt,"100,00",Febre;Dores no corpo;Manchas pelo corpo,"100,00",Usar repelente,"66,67","Não deixar água parada em garrafas, vasos de planta e pneus;Manter lixeiras tampadas e protegidas da chuva;Retirar água de plantas que acumulam água, como as bromélias;Limpar as calhas;Descartar adequadamente objetos que acumulam água","100,00","73,33",Satisfatório,4,3,Às vezes,Extremamente preocupado,Talvez tomaria
2024/03/16 4:35:02 PM GMT-3,49,40-49,Feminino,Superior completo,Trabalho,1 a 3 salários mínimos,Nenhuma,Sim,SC,Joinville,Guanabara,Sudeste,Casa,0,"Internet (redes sociais, sites oficiais)",Parasita,0,Picada do mosquito Aedes Aegypt,"100,00",Febre;Dores no corpo;Manchas pelo corpo;Dor de garganta,"83,33",Usar repelente,"66,67","Não deixar água parada em garrafas, vasos de planta e pneus;Manter lixeiras tampadas e protegidas da chuva;Retirar água de plantas que acumulam água, como as bromélias;Limpar as calhas;Descartar adequadamente objetos que acumulam água","100,00",70,Nunca tive dengue,5,3,Frequentemente,Moderadamente preocupado,Certamente tomaria
2024/03/16 7:39:19 PM GMT-3,58,50-59,Masculino,Superior completo,Trabalho,Prefiro não informar,Nenhuma,Sim,SC,Joinville,Saguaçu,Centro,Apartamento,1,"Internet (redes sociais, sites oficiais)",Vírus,100,Picada do mosquito Aedes Aegypt,"100,00",Febre;Dores no corpo;Manchas pelo corpo,"100,00",Usar repelente;Tomar uma vacina,"100,00","Não deixar água parada em garrafas, vasos de planta e pneus;Manter lixeiras tampadas e protegidas da chuva;Retirar água de plantas que acumulam água, como as bromélias;Limpar as calhas;Descartar adequadamente objetos que acumulam água","100,00",100,Nunca tive dengue,5,2,Sempre,Moderadamente preocupado,Não tomaria
2024/03/17 7:41:21 AM GMT-3,45,40-49,Masculino,Médio completo,Trabalho,4 a 6 salários mínimos,Uma,Sim,SC,Joinville,Bom Retiro,Norte,Casa,2,"Internet (redes sociais, sites oficiais)",Vírus,100,Picada do mosquito Aedes Aegypt,"100,00",Febre;Dores no corpo;Manchas pelo corpo,"100,00",Usar repelente,"66,67","Não deixar água parada em garrafas, vasos de planta e pneus;Manter lixeiras tampadas e protegidas da chuva;Retirar água de plantas que acumulam água, como as bromélias;Limpar as calhas;Descartar adequadamente objetos que acumulam água","100,00","93,33",Insatisfatório,5,1,Sempre,Muito preocupado,Talvez tomaria
2024/03/17 11:12:43 AM GMT-3,38,30-39,Masculino,Superior completo,Trabalho,4 a 6 salários mínimos,Nenhuma,Sim,SC,Araquari,Itinga,Sul,Casa,3,"Mídia tradicional (TV, rádio, jornal)",Parasita,0,Picada do mosquito Tsé-Tsé,"50,00",Febre;Dores no corpo;Manchas pelo corpo,"100,00",Usar repelente;Tomar uma vacina,"100,00","Não deixar água parada em garrafas, vasos de planta e pneus;Manter lixeiras tampadas e protegidas da chuva;Limpar as calhas","60,00",62,Nunca tive dengue,2,4,Sempre,Muito preocupado,Certamente tomaria
2024/03/18 4:35:47 PM GMT-3,20,20-29,Masculino,Médio completo,Trabalho;Estudo,1 a 3 salários mínimos,Uma,Sim,SC,Joinville,Anita Garibaldi,Centro,Casa,3,"Internet (redes sociais, sites oficiais)",Vírus,100,Ingestão de água ou alimentos contaminados;Picada do mosquito Aedes Aegypt,"75,00",Febre;Dores no corpo,"83,33",Usar repelente;Tomar uma vacina,"100,00","Não deixar água parada em garrafas, vasos de planta e pneus;Manter lixeiras tampadas e protegidas da chuva;Retirar água de plantas que acumulam água, como as bromélias;Limpar as calhas","80,00","87,67",Satisfatório,5,3,Nunca,Pouco preocupado,Talvez tomaria
2024/03/21 9:24:28 PM GMT-3,20,20-29,Masculino,Superior completo,Trabalho,4 a 6 salários mínimos,Nenhuma,Sim,SP,São Paulo,Lauzane,,Casa,3,"Internet (redes sociais, sites oficiais)",Bactéria,0,Picada do mosquito Aedes Aegypt,"100,00",Febre;Dores no corpo;Manchas pelo corpo;Tosse;Dor de garganta,"66,67",Tomar uma vacina,"66,67","Não deixar água parada em garrafas, vasos de planta e pneus","20,00","50,67",Moderadamente satisfatório,5,2,Raramente,Pouco preocupado,Talvez tomaria
2024/03/28 7:22:16 PM GMT-3,40,40-49,Masculino,Superior completo,Trabalho;Estudo,Prefiro não informar,Nenhuma,Não,SC,Joinville,Glória,Centro,Apartamento,1,"Mídia tradicional (TV, rádio, jornal)",Vírus,100,Picada do mosquito Aedes Aegypt,"100,00",Febre;Dores no corpo;Manchas pelo corpo,"100,00",Usar repelente;Tomar uma vacina,"100,00","Não deixar água parada em garrafas, vasos de planta e pneus;Manter lixeiras tampadas e protegidas da chuva;Retirar água de plantas que acumulam água, como as bromélias;Limpar as calhas;Descartar adequadamente objetos que acumulam água","100,00",100,Nunca tive dengue,4,3,Sempre,Muito preocupado,Certamente tomaria