"Timestamp","Qual é a sua idade?","Qual é seu gênero?","Escolaridade","Qual sua ocupação?","Qual é sua renda familiar?","Quantas vezes você já pegou dengue?","Algum familiar já pegou dengue?","Em qual estado você mora?","Em qual cidade?","Em qual bairro?","Você mora em:","Quantas pessoas moram com você?","De qual das fontes abaixo você mais obtém informação sobre a dengue?","A dengue é causada por um(a):","Quais as formas de contágio?","Quais são os principais sintomas da dengue?","Quais as principais formas de prevenir o contágio?","Quais das ações abaixo são formas de combater o Aedes Aegypti?","Se você já contraiu dengue, como você avalia o tratamento recebido? ","Como é o saneamento básico na sua região?","Você acredita que o governo está fazendo o suficiente para combater a dengue em sua região? ","Com que frequência você realiza ações para prevenir a proliferação do mosquito Aedes Aegypti em sua residência?","Quão preocupado você está com a possibilidade de contrair dengue?","Havendo uma vacina disponível gratuitamente no SUS, você..."
"2024/03/14 7:50:15 PM GMT-3","22","Masculino","Médio completo","Trabalho;Estudo","4 a 6 salários mínimos","Nenhuma","Não","Roraima","Boa vista","Caranã ","Casa","5","Internet (redes sociais, sites oficiais)","Vírus","Picada do mosquito Aedes Aegypt","Febre;Dores no corpo;Tosse;Dor de garganta","Usar repelente;Tomar uma vacina","Não deixar água parada em garrafas, vasos de planta e pneus;Manter lixeiras tampadas e protegidas da chuva;Retirar água de plantas que acumulam água, como as bromélias;Limpar as calhas;Descartar adequadamente objetos que acumulam água","Nunca tive dengue","4","2","Nunca","Nada preocupado","Não tomaria"
"2024/03/14 7:52:00 PM GMT-3","43","Feminino","Médio completo","Trabalho","4 a 6 salários mínimos","Uma","Sim","Santa Catarina ","Joinville ","Fátima ","Casa","4","Internet (redes sociais, sites oficiais)","Vírus","Picada do mosquito Aedes Aegypt","Febre;Dores no corpo;Manchas pelo corpo","Usar repelente;Tomar uma vacina","Não deixar água parada em garrafas, vasos de planta e pneus;Manter lixeiras tampadas e protegidas da chuva;Retirar água de plantas que acumulam água, como as bromélias;Limpar as calhas;Descartar adequadamente objetos que acumulam água","Insatisfatório","1","1","Frequentemente","Moderadamente preocupado","Talvez tomaria"
"2024/03/14 7:52:23 PM GMT-3","23","Feminino","Médio completo","Estudo","1 a 3 salários mínimos","Nenhuma","Sim","Santa Catarina ","Joinville ","Anita Garibaldi ","Apartamento","2","Internet (redes sociais, sites oficiais)","Parasita","Picada do mosquito Aedes Aegypt","Febre;Dores no corpo;Perda do olfato e paladar;Manchas pelo corpo","Usar repelente;Tomar uma vacina","Não deixar água parada em garrafas, vasos de planta e pneus;Manter lixeiras tampadas e protegidas da chuva;Retirar água de plantas que acumulam água, como as bromélias;Limpar as calhas;Descartar adequadamente objetos que acumulam água","Nunca tive dengue","3","3","Frequentemente","Moderadamente preocupado","Certamente tomaria"
"2024/03/14 7:54:52 PM GMT-3","19","Feminino","Médio completo","Estudo","4 a 6 salários mínimos","Nenhuma","Não","Santa Catarina","Joinville","Boa Vista","Casa","2","Internet (redes sociais, sites oficiais)","Vírus","Picada do mosquito Aedes Aegypt","Febre;Dores no corpo","Usar repelente;Tomar uma vacina","Não deixar água parada em garrafas, vasos de planta e pneus;Manter lixeiras tampadas e protegidas da chuva;Limpar as calhas","Nunca tive dengue","3","2","Às vezes","Pouco preocupado","Talvez tomaria"
"2024/03/14 7:55:01 PM GMT-3","24","Outro","Superior completo","Trabalho;Estudo","Até 1 salário mínimo","Três ou mais","Sim","Xique-Xique","Bahia","Polivalente","Casa","3","Amigos e familiares","Vírus","Picada do mosquito Aedes Aegypt","Febre;Dores no corpo;Perda do olfato e paladar","Usar repelente;Tomar uma vacina","Não deixar água parada em garrafas, vasos de planta e pneus;Manter lixeiras tampadas e protegidas da chuva;Retirar água de plantas que acumulam água, como as bromélias;Limpar as calhas;Descartar adequadamente objetos que acumulam água","Muito satisfatório","1","5","Raramente","Nada preocupado","Certamente tomaria"
"2024/03/14 7:55:07 PM GMT-3","23","Feminino","Superior completo","Trabalho","1 a 3 salários mínimos","Nenhuma","Sim","SC","Joinville ","Floresta","Apartamento","1","Internet (redes sociais, sites oficiais)","Parasita","Picada do mosquito Aedes Aegypt","Febre;Dores no corpo;Manchas pelo corpo","Usar repelente;Tomar uma vacina","Não deixar água parada em garrafas, vasos de planta e pneus;Manter lixeiras tampadas e protegidas da chuva;Limpar as calhas;Descartar adequadamente objetos que acumulam água","Nunca tive dengue","3","3","Raramente","Moderadamente preocupado","Certamente tomaria"
"2024/03/14 7:56:30 PM GMT-3","41","Feminino","Médio completo","","Prefiro não informar","Nenhuma","Sim","Santa Catarina ","Joinville ","Bom retiro ","Apartamento","1","Mídia tradicional (TV, rádio, jornal)","Parasita","Picada do mosquito Aedes Aegypt","Febre;Dores no corpo;Manchas pelo corpo","Usar repelente;Tomar uma vacina","Não deixar água parada em garrafas, vasos de planta e pneus;Manter lixeiras tampadas e protegidas da chuva;Retirar água de plantas que acumulam água, como as bromélias;Limpar as calhas;Descartar adequadamente objetos que acumulam água","Nunca tive dengue","4","4","Sempre","Extremamente preocupado","Certamente tomaria"
"2024/03/14 7:56:43 PM GMT-3","21","Masculino","Superior completo","Trabalho;Estudo","11 ou mais salários mínimos","Nenhuma","Sim","Santa catarina","Joinville","Nova brasília","Casa","4","Internet (redes sociais, sites oficiais)","Vírus","Picada do mosquito Aedes Aegypt","Febre;Dores no corpo","Usar repelente;Tomar uma vacina","Não deixar água parada em garrafas, vasos de planta e pneus;Manter lixeiras tampadas e protegidas da chuva;Retirar água de plantas que acumulam água, como as bromélias;Limpar as calhas;Descartar adequadamente objetos que acumulam água","Nunca tive dengue","4","3","Frequentemente","Moderadamente preocupado","Certamente tomaria"
"2024/03/14 7:57:37 PM GMT-3","25","Feminino","Médio completo","Trabalho","1 a 3 salários mínimos","Uma","Sim","SC","Joinville ","Jarivatuba ","Casa","1","Internet (redes sociais, sites oficiais)","Vírus","Picada do mosquito Aedes Aegypt","Febre;Dores no corpo;Manchas pelo corpo","Usar repelente","Não deixar água parada em garrafas, vasos de planta e pneus;Manter lixeiras tampadas e protegidas da chuva;Retirar água de plantas que acumulam água, como as bromélias;Limpar as calhas;Descartar adequadamente objetos que acumulam água","Satisfatório","4","3","Frequentemente","Extremamente preocupado","Certamente tomaria"
"2024/03/14 7:57:54 PM GMT-3","22","Feminino","Médio completo","Trabalho","1 a 3 salários mínimos","Uma","Sim","Santa Catarina ","Joinville ","Costa e Silva","Casa","3","Profissionais de saúde","Vírus","Picada do mosquito Aedes Aegypt","Febre;Dores no corpo;Manchas pelo corpo","Usar repelente","Não deixar água parada em garrafas, vasos de planta e pneus;Manter lixeiras tampadas e protegidas da chuva;Retirar água de plantas que acumulam água, como as bromélias;Limpar as calhas;Descartar adequadamente objetos que acumulam água","Moderadamente satisfatório","4","4","Frequentemente","Extremamente preocupado","Certamente tomaria"
"2024/03/14 7:58:03 PM GMT-3","30","Masculino","Superior completo","Trabalho","11 ou mais salários mínimos","Nenhuma","Sim","SC","Joinville","Atiradores","Apartamento","3","Profissionais de saúde","Vírus","Picada do mosquito Aedes Aegypt","Febre;Dores no corpo","Usar repelente;Tomar uma vacina","Não deixar água parada em garrafas, vasos de planta e pneus;Manter lixeiras tampadas e protegidas da chuva;Retirar água de plantas que acumulam água, como as bromélias;Limpar as calhas;Descartar adequadamente objetos que acumulam água","Nunca tive dengue","5","1","Sempre","Pouco preocupado","Certamente tomaria"
"2024/03/14 8:00:25 PM GMT-3","42 anos","Feminino","Médio completo","Trabalho","4 a 6 salários mínimos","Nenhuma","Sim","Santa Catarina ","Joinville ","Iririu","Casa","3","Profissionais de saúde","Vírus","Picada do mosquito Aedes Aegypt","Febre;Dores no corpo;Manchas pelo corpo","Usar repelente","Não deixar água parada em garrafas, vasos de planta e pneus;Manter lixeiras tampadas e protegidas da chuva;Retirar água de plantas que acumulam água, como as bromélias;Limpar as calhas;Descartar adequadamente objetos que acumulam água","Nunca tive dengue","3","1","Sempre","Muito preocupado","Não tomaria"
"2024/03/14 8:00:50 PM GMT-3","57","Masculino","Superior completo","Trabalho","4 a 6 salários mínimos","Nenhuma","Sim","SC","Joinville ","Iririu","Apartamento","1","Internet (redes sociais, sites oficiais)","Vírus","Picada do mosquito Aedes Aegypt","Febre;Dores no corpo","Usar repelente","Não deixar água parada em garrafas, vasos de planta e pneus;Manter lixeiras tampadas e protegidas da chuva;Retirar água de plantas que acumulam água, como as bromélias;Limpar as calhas;Descartar adequadamente objetos que acumulam água","Nunca tive dengue","3","3","Às vezes","Moderadamente preocupado","Não tomaria"
"2024/03/14 8:04:09 PM GMT-3","28","Feminino","Superior completo","Trabalho","7 a 10 salários mínimos","Nenhuma","Sim","Santa Catarina ","Joinville ","Aventureiro ","Casa","2","Internet (redes sociais, sites oficiais)","Vírus","Picada do mosquito Aedes Aegypt","Febre;Dores no corpo;Manchas pelo corpo","Usar repelente;Tomar uma vacina","Não deixar água parada em garrafas, vasos de planta e pneus;Manter lixeiras tampadas e protegidas da chuva;Limpar as calhas;Descartar adequadamente objetos que acumulam água","Nunca tive dengue","5","2","Às vezes","Muito preocupado","Certamente tomaria"
"2024/03/14 8:04:58 PM GMT-3","36","Masculino","Médio completo","Trabalho;Estudo","11 ou mais salários mínimos","Nenhuma","Sim","SC","Joinville","Costa e Silva ","Apartamento","2","Mídia tradicional (TV, rádio, jornal)","Vírus","Picada do mosquito Aedes Aegypt","Febre;Dores no corpo;Manchas pelo corpo","Usar repelente;Tomar uma vacina","Não deixar água parada em garrafas, vasos de planta e pneus;Manter lixeiras tampadas e protegidas da chuva;Retirar água de plantas que acumulam água, como as bromélias;Limpar as calhas;Descartar adequadamente objetos que acumulam água","Nunca tive dengue","3","3","Às vezes","Moderadamente preocupado","Talvez tomaria"
"2024/03/14 8:05:19 PM GMT-3","39","Feminino","Superior completo","Estudo","1 a 3 salários mínimos","Duas","Sim","Santa Catarina ","Joinville ","Itinga ","Casa","4","Profissionais de saúde","Parasita","Picada do mosquito Aedes Aegypt","Febre;Dores no corpo;Manchas pelo corpo","Usar repelente;Tomar uma vacina","Não deixar água parada em garrafas, vasos de planta e pneus;Manter lixeiras tampadas e protegidas da chuva;Retirar água de plantas que acumulam água, como as bromélias;Limpar as calhas;Descartar adequadamente objetos que acumulam água","Pouco satisfatório","1","1","Sempre","Muito preocupado","Certamente tomaria"
"2024/03/14 8:07:01 PM GMT-3","17","Feminino","Fundamental completo","Estudo","Prefiro não informar","Uma","Sim","Santa Catarina ","Joinville ","Fátima ","Casa","3","Mídia tradicional (TV, rádio, jornal)","Vírus","Picada do mosquito Aedes Aegypt","Febre;Dores no corpo;Manchas pelo corpo","Usar repelente;Tomar uma vacina","Não deixar água parada em garrafas, vasos de planta e pneus;Manter lixeiras tampadas e protegidas da chuva;Retirar água de plantas que acumulam água, como as bromélias;Limpar as calhas;Descartar adequadamente objetos que acumulam água","Insatisfatório","1","1","Frequentemente","Moderadamente preocupado","Certamente tomaria"
"2024/03/14 8:07:59 PM GMT-3","23","Masculino","Médio completo","Estudo","4 a 6 salários mínimos","Nenhuma","Sim","Roraima ","Boa vista ","Centenário ","Casa","3","Internet (redes sociais, sites oficiais)","Vírus","Picada do mosquito Aedes Aegypt","Febre;Dores no corpo;Manchas pelo corpo","Usar repelente;Tomar uma vacina","Não deixar água parada em garrafas, vasos de planta e pneus;Manter lixeiras tampadas e protegidas da chuva;Retirar água de plantas que acumulam água, como as bromélias;Limpar as calhas","Nunca tive dengue","4","1","Raramente","Pouco preocupado","Não tomaria"
"2024/03/14 8:08:32 PM GMT-3","31","Feminino","Médio completo","Trabalho","1 a 3 salários mínimos","Uma","Sim","Santa Catarina ","Joinville ","Petrópolis ","Casa","1","Internet (redes sociais, sites oficiais)","Vírus","Picada do mosquito Aedes Aegypt","Febre;Dores no corpo;Manchas pelo corpo","Usar repelente;Tomar uma vacina","Não deixar água parada em garrafas, vasos de planta e pneus;Manter lixeiras tampadas e protegidas da chuva;Retirar água de plantas que acumulam água, como as bromélias;Limpar as calhas;Descartar adequadamente objetos que acumulam água","Moderadamente satisfatório","5","2","Às vezes","Muito preocupado","Certamente tomaria"
"2024/03/14 8:09:21 PM GMT-3","42","Feminino","Médio completo","Trabalho","1 a 3 salários mínimos","Nenhuma","Sim","Santa catarins","Jounville","Jd iririu","Casa","4","Internet (redes sociais, sites oficiais)","Vírus","Picada do mosquito Aedes Aegypt","Dores no corpo","Usar repelente","Não deixar água parada em garrafas, vasos de planta e pneus;Manter lixeiras tampadas e protegidas da chuva;Retirar água de plantas que acumulam água, como as bromélias;Limpar as calhas;Descartar adequadamente objetos que acumulam água","Nunca tive dengue","3","1","Às vezes","Extremamente preocupado","Não tomaria"
"2024/03/14 8:09:34 PM GMT-3","37","Feminino","Superior completo","Trabalho;Estudo","7 a 10 salários mínimos","Nenhuma","Não","SC","Joinville ","Saguaçú ","Apartamento","2","Mídia tradicional (TV, rádio, jornal)","Vírus","Picada do mosquito Aedes Aegypt","Febre;Dores no corpo","Usar repelente;Tomar uma vacina","Não deixar água parada em garrafas, vasos de planta e pneus;Manter lixeiras tampadas e protegidas da chuva;Retirar água de plantas que acumulam água, como as bromélias;Limpar as calhas;Descartar adequadamente objetos que acumulam água","Nunca tive dengue","5","3","Frequentemente","Moderadamente preocupado","Certamente tomaria"
"2024/03/14 8:09:45 PM GMT-3","24 anos","Feminino","Médio completo","Trabalho;Estudo","4 a 6 salários mínimos","Duas","Sim","Santa Catarina ","Joinville ","Iririu","Casa","1","Mídia tradicional (TV, rádio, jornal)","Parasita","Picada do mosquito Aedes Aegypt","Febre;Dores no corpo;Perda do olfato e paladar;Manchas pelo corpo","Usar repelente","Não deixar água parada em garrafas, vasos de planta e pneus;Manter lixeiras tampadas e protegidas da chuva;Retirar água de plantas que acumulam água, como as bromélias;Limpar as calhas;Descartar adequadamente objetos que acumulam água","Satisfatório","5","1","Sempre","Extremamente preocupado","Certamente tomaria"
"2024/03/14 8:12:09 PM GMT-3","23","Feminino","Superior completo","Trabalho","7 a 10 salários mínimos","Uma","Sim","SC","Joinville","João Costa ","Casa","5","Internet (redes sociais, sites oficiais)","Vírus","Ingestão de água ou alimentos contaminados;Picada do mosquito Aedes Aegypt","Febre;Dores no corpo;Manchas pelo corpo","Usar repelente;Tomar uma vacina","Não deixar água parada em garrafas, vasos de planta e pneus;Manter lixeiras tampadas e protegidas da chuva;Retirar água de plantas que acumulam água, como as bromélias;Limpar as calhas;Descartar adequadamente objetos que acumulam água","Moderadamente satisfatório","3","4","Frequentemente","Muito preocupado","Certamente tomaria"
"2024/03/14 8:14:39 PM GMT-3","14","Masculino","Fundamental incompleto","Estudo","11 ou mais salários mínimos","Nenhuma","Sim","Roraima ","Boa vista","Cidade satélite ","Casa","Duas pessoas ","Internet (redes sociais, sites oficiais)","Vírus","Picada do mosquito Aedes Aegypt","Febre;Dores no corpo;Manchas pelo corpo;Dor de garganta","Usar repelente;Tomar uma vacina","Não deixar água parada em garrafas, vasos de planta e pneus;Manter lixeiras tampadas e protegidas da chuva;Retirar água de plantas que acumulam água, como as bromélias;Limpar as calhas;Descartar adequadamente objetos que acumulam água","Nunca tive dengue","4","3","Às vezes","Pouco preocupado","Talvez tomaria"
"2024/03/14 8:14:49 PM GMT-3","Joinville ","Feminino","Médio completo","Trabalho","1 a 3 salários mínimos","Nenhuma","Sim","SC","Joinville ","Boehmerwald","Casa","4","Mídia tradicional (TV, rádio, jornal)","Vírus","Picada do mosquito Aedes Aegypt","Febre;Dores no corpo;Manchas pelo corpo","Usar repelente;Tomar uma vacina","Não deixar água parada em garrafas, vasos de planta e pneus;Manter lixeiras tampadas e protegidas da chuva;Retirar água de plantas que acumulam água, como as bromélias;Limpar as calhas;Descartar adequadamente objetos que acumulam água","Nunca tive dengue","5","1","Sempre","Extremamente preocupado","Não tomaria"
"2024/03/14 8:15:32 PM GMT-3","45","Feminino","Médio completo","Trabalho","4 a 6 salários mínimos","Uma","Sim","Santa Catarina ","Joinville ","Petrópolis ","Casa","6","Internet (redes sociais, sites oficiais)","Parasita","Picada do mosquito Aedes Aegypt","Febre;Dores no corpo;Manchas pelo corpo","Usar repelente","Não deixar água parada em garrafas, vasos de planta e pneus;Manter lixeiras tampadas e protegidas da chuva;Retirar água de plantas que acumulam água, como as bromélias;Limpar as calhas;Descartar adequadamente objetos que acumulam água","Pouco satisfatório","3","3","Sempre","Muito preocupado","Certamente tomaria"
"2024/03/14 8:16:03 PM GMT-3","15","Feminino","Fundamental completo","Estudo","Prefiro não informar","Nenhuma","Não","Roraima ","Boa Vista ","Caçari ","Casa","3","Internet (redes sociais, sites oficiais)","Vírus","Picada do mosquito Aedes Aegypt","Febre;Dores no corpo;Tosse;Dor de garganta","Usar repelente;Tomar uma vacina","Não deixar água parada em garrafas, vasos de planta e pneus;Manter lixeiras tampadas e protegidas da chuva;Retirar água de plantas que acumulam água, como as bromélias;Limpar as calhas;Descartar adequadamente objetos que acumulam água","Nunca tive dengue","4","3","Nunca","Nada preocupado","Certamente tomaria"
"2024/03/14 8:17:43 PM GMT-3","48","Feminino","Fundamental completo","Trabalho","1 a 3 salários mínimos","Uma","Sim","Santa Catarina ","Joinville ","Panaguamirim ","Casa","Só eu ","Amigos e familiares","Parasita","Picada do mosquito Aedes Aegypt","Dores no corpo","Usar repelente","Não deixar água parada em garrafas, vasos de planta e pneus;Manter lixeiras tampadas e protegidas da chuva;Retirar água de plantas que acumulam água, como as bromélias;Limpar as calhas;Descartar adequadamente objetos que acumulam água","Satisfatório","3","3","Nunca","Muito preocupado","Certamente tomaria"
"2024/03/14 8:18:08 PM GMT-3","42","Feminino","Superior completo","Trabalho","11 ou mais salários mínimos","Duas","Sim","Roraima","Boa Vista ","Cacari ","Casa","3","Profissionais de saúde","Vírus","Picada do mosquito Aedes Aegypt","Febre;Dores no corpo;Manchas pelo corpo","Usar repelente","Não deixar água parada em garrafas, vasos de planta e pneus;Manter lixeiras tampadas e protegidas da chuva;Retirar água de plantas que acumulam água, como as bromélias;Limpar as calhas;Descartar adequadamente objetos que acumulam água","Pouco satisfatório","3","1","Raramente","Pouco preocupado","Certamente tomaria"
"2024/03/14 8:19:20 PM GMT-3","52","Feminino","Médio completo","Trabalho","4 a 6 salários mínimos","Nenhuma","Sim","Santa Catarina ","Joinville ","Anita Garibaldi ","Apartamento","01","Mídia tradicional (TV, rádio, jornal)","Parasita","Picada do mosquito Aedes Aegypt","Febre","Usar repelente","Não deixar água parada em garrafas, vasos de planta e pneus","Nunca tive dengue","3","3","Frequentemente","Extremamente preocupado","Certamente tomaria"
"2024/03/14 8:19:42 PM GMT-3","Joinville ","Feminino","Médio completo","Trabalho","1 a 3 salários mínimos","Nenhuma","Sim","Santa Catarina ","Joinville ","Jarivatuba ","Apartamento","2","Internet (redes sociais, sites oficiais)","Parasita","Picada do mosquito Aedes Aegypt","Febre;Dores no corpo","Usar repelente","Não deixar água parada em garrafas, vasos de planta e pneus;Retirar água de plantas que acumulam água, como as bromélias;Descartar adequadamente objetos que acumulam água","Nunca tive dengue","4","4","Raramente","Moderadamente preocupado","Talvez tomaria"
"2024/03/14 8:20:14 PM GMT-3","48","Feminino","Fundamental completo","Trabalho","1 a 3 salários mínimos","Uma","Sim","Santa Catarina ","Joinville ","Bom retiro ","Apartamento","Eu ","Mídia tradicional (TV, rádio, jornal)","Parasita","Picada do mosquito Aedes Aegypt","Febre;Dores no corpo;Perda do olfato e paladar;Manchas pelo corpo","Usar repelente;Tomar uma vacina","Não deixar água parada em garrafas, vasos de planta e pneus;Manter lixeiras tampadas e protegidas da chuva;Retirar água de plantas que acumulam água, como as bromélias;Limpar as calhas;Descartar adequadamente objetos que acumulam água","Moderadamente satisfatório","3","3","Raramente","Muito preocupado","Certamente tomaria"
"2024/03/14 8:20:22 PM GMT-3","17","Feminino","Fundamental completo","Estudo","1 a 3 salários mínimos","Nenhuma","Sim","Santa Catarina ","Joinville ","Itinga","Casa","4","Mídia tradicional (TV, rádio, jornal)","Parasita","Picada do mosquito Aedes Aegypt","Febre;Dores no corpo;Manchas pelo corpo","Usar repelente;Tomar uma vacina","Não deixar água parada em garrafas, vasos de planta e pneus;Manter lixeiras tampadas e protegidas da chuva;Retirar água de plantas que acumulam água, como as bromélias;Limpar as calhas;Descartar adequadamente objetos que acumulam água","Nunca tive dengue","3","3","Nunca","Nada preocupado","Certamente tomaria"
"2024/03/14 8:20:40 PM GMT-3","45 anos","Feminino","Superior completo","Trabalho","7 a 10 salários mínimos","Nenhuma","Não","Santa Catarina","Joinville","Atiradores","Apartamento","3","Internet (redes sociais, sites oficiais)","Vírus","Picada do mosquito Aedes Aegypt","Febre;Dores no corpo;Manchas pelo corpo","Usar repelente","Não deixar água parada em garrafas, vasos de planta e pneus;Manter lixeiras tampadas e protegidas da chuva;Retirar água de plantas que acumulam água, como as bromélias;Limpar as calhas;Descartar adequadamente objetos que acumulam água","Nunca tive dengue","5","4","Frequentemente","Muito preocupado","Certamente tomaria"
"2024/03/14 8:21:48 PM GMT-3","50","Feminino","Superior completo","Trabalho","Prefiro não informar","Uma","Sim","Santa Catarina ","Joinville ","São Marcos ","Casa","4","Internet (redes sociais, sites oficiais)","Vírus","Picada do mosquito Aedes Aegypt","Febre;Dores no corpo","Usar repelente","Não deixar água parada em garrafas, vasos de planta e pneus;Manter lixeiras tampadas e protegidas da chuva;Retirar água de plantas que acumulam água, como as bromélias;Limpar as calhas;Descartar adequadamente objetos que acumulam água","Satisfatório","3","3","Às vezes","Moderadamente preocupado","Não tomaria"
"2024/03/14 8:21:52 PM GMT-3","41","Feminino","Médio completo","Trabalho","1 a 3 salários mínimos","Três ou mais","Sim","Santa Catarina ","Joinville ","Petrópolis ","Casa","3","Internet (redes sociais, sites oficiais)","Parasita","Picada do mosquito Aedes Aegypt","Febre;Dores no corpo;Manchas pelo corpo;Tosse;Dor de garganta","Usar repelente","Não deixar água parada em garrafas, vasos de planta e pneus;Manter lixeiras tampadas e protegidas da chuva;Retirar água de plantas que acumulam água, como as bromélias;Limpar as calhas;Descartar adequadamente objetos que acumulam água","Muito satisfatório","5","3","Sempre","Extremamente preocupado","Certamente tomaria"
"2024/03/14 8:22:41 PM GMT-3","16","Feminino","Fundamental completo","Estudo","Prefiro não informar","Nenhuma","Sim","Santa Catarina ","Joinville ","Floresta","Casa","3","Amigos e familiares","Vírus","Picada do mosquito Aedes Aegypt","Febre;Dores no corpo;Manchas pelo corpo","Usar repelente;Tomar uma vacina","Não deixar água parada em garrafas, vasos de planta e pneus;Manter lixeiras tampadas e protegidas da chuva;Retirar água de plantas que acumulam água, como as bromélias","Nunca tive dengue","5","3","Sempre","Moderadamente preocupado","Certamente tomaria"
"2024/03/14 8:23:16 PM GMT-3","47","Feminino","Médio completo","Trabalho","4 a 6 salários mínimos","Nenhuma","Sim","S/C","Joinville ","Floresta ","Apartamento","3","Profissionais de saúde","Vírus","Picada do mosquito Aedes Aegypt","Febre;Dores no corpo;Manchas pelo corpo","Usar repelente;Tomar uma vacina","Não deixar água parada em garrafas, vasos de planta e pneus;Manter lixeiras tampadas e protegidas da chuva;Retirar água de plantas que acumulam água, como as bromélias;Limpar as calhas;Descartar adequadamente objetos que acumulam água","Nunca tive dengue","3","2","Frequentemente","Muito preocupado","Certamente tomaria"
"2024/03/14 8:23:34 PM GMT-3","9 anos","Feminino","Fundamental incompleto","Estudo","11 ou mais salários mínimos","Nenhuma","Sim","Roraima","Boa Vista","Caçari","Casa","3","Internet (redes sociais, sites oficiais)","Parasita","Picada do mosquito Aedes Aegypt","Febre;Dores no corpo;Manchas pelo corpo;Tosse","Tomar uma vacina","Não deixar água parada em garrafas, vasos de planta e pneus","Nunca tive dengue","3","1","Sempre","Extremamente preocupado","Certamente tomaria"
"2024/03/14 8:31:36 PM GMT-3","22","Masculino","Médio completo","Trabalho;Estudo","11 ou mais salários mínimos","Duas","Sim","Roraima","Boa Vista","Paraviana","Casa","3","Amigos e familiares","Vírus","Picada do mosquito Aedes Aegypt","Febre;Dores no corpo;Manchas pelo corpo;Tosse;Dor de garganta","Usar repelente;Tomar uma vacina","Não deixar água parada em garrafas, vasos de planta e pneus;Manter lixeiras tampadas e protegidas da chuva;Retirar água de plantas que acumulam água, como as bromélias;Limpar as calhas;Descartar adequadamente objetos que acumulam água","Satisfatório","4","4","Frequentemente","Pouco preocupado","Certamente tomaria"
"2024/03/14 8:38:22 PM GMT-3","37","Masculino","Médio completo","Trabalho","4 a 6 salários mínimos","Uma","Sim","SC","Joinville ","Itaum ","Casa","2","Internet (redes sociais, sites oficiais)","Parasita","Picada do mosquito Aedes Aegypt","Febre;Dores no corpo;Manchas pelo corpo","Usar repelente","Não deixar água parada em garrafas, vasos de planta e pneus;Manter lixeiras tampadas e protegidas da chuva;Retirar água de plantas que acumulam água, como as bromélias;Limpar as calhas;Descartar adequadamente objetos que acumulam água","Satisfatório","5","4","Frequentemente","Muito preocupado","Não tomaria"
"2024/03/14 8:40:02 PM GMT-3","37","Feminino","Superior completo","Estudo","11 ou mais salários mínimos","Duas","Sim","Roraima","Boa Vista ","Jardim floresta ","Casa","2","Profissionais de saúde","Vírus","Picada do mosquito Aedes Aegypt","Febre;Dores no corpo;Perda do olfato e paladar;Manchas pelo corpo","Usar repelente;Tomar uma vacina","Não deixar água parada em garrafas, vasos de planta e pneus;Manter lixeiras tampadas e protegidas da chuva;Retirar água de plantas que acumulam água, como as bromélias;Limpar as calhas;Descartar adequadamente objetos que acumulam água","Satisfatório","4","2","Às vezes","Moderadamente preocupado","Certamente tomaria"
"2024/03/14 8:43:32 PM GMT-3","30","Masculino","Superior completo","Trabalho","7 a 10 salários mínimos","Nenhuma","Sim","Santa Catarina","Joinville ","Boehmerwald ","Apartamento","1","Internet (redes sociais, sites oficiais)","Vírus","Picada do mosquito Aedes Aegypt","Febre;Dores no corpo;Manchas pelo corpo","Usar repelente","Não deixar água parada em garrafas, vasos de planta e pneus;Manter lixeiras tampadas e protegidas da chuva;Retirar água de plantas que acumulam água, como as bromélias;Limpar as calhas;Descartar adequadamente objetos que acumulam água","Nunca tive dengue","4","3","Raramente","Moderadamente preocupado","Certamente tomaria"
"2024/03/14 8:43:46 PM GMT-3","52","Feminino","Médio completo","Trabalho","Prefiro não informar","Uma","Sim","SC","Joinville ","Ademar Garcia ","Casa","2","Profissionais de saúde","Parasita","Picada do mosquito Aedes Aegypt","Febre;Dores no corpo;Manchas pelo corpo","Usar repelente","Não deixar água parada em garrafas, vasos de planta e pneus;Manter lixeiras tampadas e protegidas da chuva;Retirar água de plantas que acumulam água, como as bromélias;Limpar as calhas;Descartar adequadamente objetos que acumulam água","Satisfatório","5","3","Sempre","Muito preocupado","Não tomaria"
"2024/03/14 8:44:14 PM GMT-3","27","Masculino","Superior completo","Trabalho","7 a 10 salários mínimos","Nenhuma","Sim","SC","Joinville ","Anita Garibaldi ","Apartamento","Só eu ","Melhor criar campo com múltipla alternativa ","Vírus","Picada do mosquito Aedes Aegypt","Febre;Dores no corpo","Usar repelente;Tomar uma vacina","Não deixar água parada em garrafas, vasos de planta e pneus;Manter lixeiras tampadas e protegidas da chuva;Retirar água de plantas que acumulam água, como as bromélias","Nunca tive dengue","3","3","Nunca","Moderadamente preocupado","Certamente tomaria"
"2024/03/14 8:44:42 PM GMT-3","29","Feminino","Superior completo","Trabalho","4 a 6 salários mínimos","Nenhuma","Sim","Santa Catarina","Joinville ","Bucarein","Apartamento","2 ","Profissionais de saúde","Vírus","Picada do mosquito Aedes Aegypt","Febre;Dores no corpo;Manchas pelo corpo;Dor de garganta","Usar repelente;Tomar uma vacina","Não deixar água parada em garrafas, vasos de planta e pneus;Manter lixeiras tampadas e protegidas da chuva;Retirar água de plantas que acumulam água, como as bromélias;Limpar as calhas;Descartar adequadamente objetos que acumulam água","Nunca tive dengue","5","3","Nunca","Pouco preocupado","Certamente tomaria"
"2024/03/14 8:46:41 PM GMT-3","23","Masculino","Superior completo","Trabalho;Estudo","Prefiro não informar","Nenhuma","Sim","mucajai","mucajai","mangueiral","Casa","7","whatsapp do bolsonaro ","Vírus","Picada do mosquito Aedes Aegypt","Febre;Dores no corpo;Perda do olfato e paladar;Manchas pelo corpo;Tosse;Dor de garganta","Usar protetor solar;Usar repelente;Tomar uma vacina","Não deixar água parada em garrafas, vasos de planta e pneus;Manter lixeiras tampadas e protegidas da chuva;Retirar água de plantas que acumulam água, como as bromélias;Limpar as calhas;Descartar adequadamente objetos que acumulam água","Nunca tive dengue","1","1","Nunca","Nada preocupado","Não tomaria"
"2024/03/14 8:48:20 PM GMT-3","46","Masculino","Médio completo","Trabalho","11 ou mais salários mínimos","Nenhuma","Sim","Santa Catarina ","Joinville ","Comasa ","Casa","6","Mídia tradicional (TV, rádio, jornal)","Parasita","Picada do mosquito Aedes Aegypt","Febre;Dores no corpo;Manchas pelo corpo","Usar repelente;Tomar uma vacina","Não deixar água parada em garrafas, vasos de planta e pneus;Manter lixeiras tampadas e protegidas da chuva;Retirar água de plantas que acumulam água, como as bromélias;Limpar as calhas;Descartar adequadamente objetos que acumulam água","Nunca tive dengue","4","4","Frequentemente","Extremamente preocupado","Certamente tomaria"
"2024/03/14 8:53:04 PM GMT-3","26","Feminino","Superior completo","Trabalho;Estudo","4 a 6 salários mínimos","Nenhuma","Não","Santa Catarina ","Joinville ","Vila nova ","Casa","2","Internet (redes sociais, sites oficiais)","Vírus","Picada do mosquito Aedes Aegypt","Febre;Dores no corpo;Manchas pelo corpo","Usar repelente;Tomar uma vacina","Não deixar água parada em garrafas, vasos de planta e pneus;Manter lixeiras tampadas e protegidas da chuva;Retirar água de plantas que acumulam água, como as bromélias;Limpar as calhas;Descartar adequadamente objetos que acumulam água","Nunca tive dengue","5","4","Sempre","Pouco preocupado","Não tomaria"
"2024/03/14 8:53:50 PM GMT-3","21","Masculino","Médio completo","Trabalho","1 a 3 salários mínimos","Nenhuma","Não","São Paulo","São Bernardo do Campo","Rudge Ramos","Apartamento","1","Internet (redes sociais, sites oficiais)","Vírus","Picada do mosquito Aedes Aegypt","Febre;Dores no corpo;Tosse;Dor de garganta","Usar repelente","Não deixar água parada em garrafas, vasos de planta e pneus;Manter lixeiras tampadas e protegidas da chuva;Retirar água de plantas que acumulam água, como as bromélias;Limpar as calhas;Descartar adequadamente objetos que acumulam água","Nunca tive dengue","4","3","Frequentemente","Moderadamente preocupado","Certamente tomaria"
"2024/03/14 8:54:17 PM GMT-3","31","Masculino","Superior completo","Estudo","4 a 6 salários mínimos","Nenhuma","Sim","sp","São José dos Campos","Vila Tesouro","Casa","3","Mídia tradicional (TV, rádio, jornal)","Vírus","Picada do mosquito Aedes Aegypt","Febre;Dores no corpo;Manchas pelo corpo","Usar repelente","Não deixar água parada em garrafas, vasos de planta e pneus;Manter lixeiras tampadas e protegidas da chuva;Retirar água de plantas que acumulam água, como as bromélias;Limpar as calhas;Descartar adequadamente objetos que acumulam água","Nunca tive dengue","4","4","Às vezes","Muito preocupado","Certamente tomaria"
"2024/03/14 8:56:12 PM GMT-3","24","Outro","Fundamental completo","Estudo","1 a 3 salários mínimos","Três ou mais","Sim","santa catarina","florianopolis","itacorubi","Casa","1","Internet (redes sociais, sites oficiais)","Vírus","Picada do mosquito Aedes Aegypt","Febre","Usar repelente","Não deixar água parada em garrafas, vasos de planta e pneus;Manter lixeiras tampadas e protegidas da chuva;Retirar água de plantas que acumulam água, como as bromélias;Limpar as calhas;Descartar adequadamente objetos que acumulam água","Pouco satisfatório","2","2","Raramente","Extremamente preocupado","Certamente tomaria"
"2024/03/14 8:59:32 PM GMT-3","36","Feminino","Médio completo","Trabalho;Estudo","1 a 3 salários mínimos","Uma","Sim","Santa Catarina ","Joinville ","PARANAGUAMIRIM ","Casa","4","Profissionais de saúde","Vírus","Picada do mosquito Aedes Aegypt","Febre;Dores no corpo;Manchas pelo corpo","Usar repelente;Tomar uma vacina","Não deixar água parada em garrafas, vasos de planta e pneus;Manter lixeiras tampadas e protegidas da chuva;Retirar água de plantas que acumulam água, como as bromélias;Limpar as calhas;Descartar adequadamente objetos que acumulam água","Pouco satisfatório","4","3","Sempre","Extremamente preocupado","Certamente tomaria"
"2024/03/14 8:59:38 PM GMT-3","24","Feminino","Superior completo","Trabalho","7 a 10 salários mínimos","Nenhuma","Não","Santa Catarina ","Joinville ","Jardim Iririú ","Casa","4","Internet (redes sociais, sites oficiais)","Vírus","Picada do mosquito Aedes Aegypt","Febre;Dores no corpo;Perda do olfato e paladar;Manchas pelo corpo","Usar repelente","Não deixar água parada em garrafas, vasos de planta e pneus;Manter lixeiras tampadas e protegidas da chuva;Retirar água de plantas que acumulam água, como as bromélias;Limpar as calhas;Descartar adequadamente objetos que acumulam água","Nunca tive dengue","4","3","Nunca","Pouco preocupado","Certamente tomaria"
"2024/03/14 9:03:01 PM GMT-3","17 anos ","Feminino","Fundamental completo","Estudo","Até 1 salário mínimo","Nenhuma","Não","Santa Catarina ","Joinville","Vila Nova ","Casa","2","Mídia tradicional (TV, rádio, jornal)","Vírus","Picada do mosquito Aedes Aegypt","Febre;Dores no corpo;Manchas pelo corpo","Usar repelente","Não deixar água parada em garrafas, vasos de planta e pneus;Manter lixeiras tampadas e protegidas da chuva;Retirar água de plantas que acumulam água, como as bromélias;Limpar as calhas;Descartar adequadamente objetos que acumulam água","Nunca tive dengue","4","3","Frequentemente","Moderadamente preocupado","Certamente tomaria"
"2024/03/14 9:08:05 PM GMT-3","44","Masculino","Médio completo","Trabalho","7 a 10 salários mínimos","Nenhuma","Sim","Santa Catarina ","Joinville ","Comasa ","Casa","2","Profissionais de saúde","Vírus","Picada do mosquito Aedes Aegypt","Febre;Dores no corpo;Manchas pelo corpo","Usar repelente;Tomar uma vacina","Não deixar água parada em garrafas, vasos de planta e pneus;Manter lixeiras tampadas e protegidas da chuva;Retirar água de plantas que acumulam água, como as bromélias;Limpar as calhas;Descartar adequadamente objetos que acumulam água","Nunca tive dengue","4","3","Sempre","Moderadamente preocupado","Certamente tomaria"
"2024/03/14 9:26:41 PM GMT-3","26","Feminino","Médio completo","Trabalho","1 a 3 salários mínimos","Uma","Sim","Santa Catarina ","Joinville ","Ullysses Guimarães ","Casa","2","Internet (redes sociais, sites oficiais)","Vírus","Picada do mosquito Aedes Aegypt","Febre;Dores no corpo;Manchas pelo corpo","Usar repelente;Tomar uma vacina","Não deixar água parada em garrafas, vasos de planta e pneus;Manter lixeiras tampadas e protegidas da chuva;Retirar água de plantas que acumulam água, como as bromélias;Limpar as calhas;Descartar adequadamente objetos que acumulam água","Insatisfatório","1","2","Frequentemente","Muito preocupado","Certamente tomaria"
"2024/03/14 9:30:30 PM GMT-3","37","Feminino","Médio completo","Trabalho","1 a 3 salários mínimos","Nenhuma","Sim","Santa Catarina ","Joinville ","Ulisses Guimarães ","Casa","4","Internet (redes sociais, sites oficiais)","Parasita","Picada do mosquito Aedes Aegypt","Febre;Dores no corpo;Manchas pelo corpo","Usar repelente","Não deixar água parada em garrafas, vasos de planta e pneus;Manter lixeiras tampadas e protegidas da chuva;Retirar água de plantas que acumulam água, como as bromélias;Limpar as calhas;Descartar adequadamente objetos que acumulam água","Moderadamente satisfatório","5","4","Sempre","Extremamente preocupado","Certamente tomaria"
"2024/03/14 9:32:37 PM GMT-3","30","Feminino","Superior completo","Trabalho","4 a 6 salários mínimos","Uma","Sim","Santa Catarina ","Joinville ","Petrópolis ","Casa","4","Internet (redes sociais, sites oficiais)","Vírus","Picada do mosquito Aedes Aegypt","Febre;Dores no corpo;Manchas pelo corpo","Usar repelente","Não deixar água parada em garrafas, vasos de planta e pneus;Manter lixeiras tampadas e protegidas da chuva;Retirar água de plantas que acumulam água, como as bromélias;Limpar as calhas;Descartar adequadamente objetos que acumulam água","Satisfatório","5","2","Frequentemente","Moderadamente preocupado","Talvez tomaria"
"2024/03/14 9:37:48 PM GMT-3","25","Feminino","Médio completo","Estudo","1 a 3 salários mínimos","Nenhuma","Sim","Santa Catarina ","Joinville ","Costa e Silva ","Casa","3","Mídia tradicional (TV, rádio, jornal)","Vírus","Picada do mosquito Aedes Aegypt","Febre;Dores no corpo","Usar repelente;Tomar uma vacina","Não deixar água parada em garrafas, vasos de planta e pneus;Manter lixeiras tampadas e protegidas da chuva;Retirar água de plantas que acumulam água, como as bromélias;Limpar as calhas;Descartar adequadamente objetos que acumulam água","Nunca tive dengue","5","3","Às vezes","Muito preocupado","Talvez tomaria"
"2024/03/14 9:40:17 PM GMT-3","21","Masculino","Médio completo","Trabalho","11 ou mais salários mínimos","Três ou mais","Sim","Goiás","Goainia","Sol nascente ","Casa","2","Mídia tradicional (TV, rádio, jornal)","Vírus","Picada do mosquito Aedes Aegypt","Febre","Tomar uma vacina","Não deixar água parada em garrafas, vasos de planta e pneus;Manter lixeiras tampadas e protegidas da chuva;Retirar água de plantas que acumulam água, como as bromélias;Limpar as calhas;Descartar adequadamente objetos que acumulam água","Moderadamente satisfatório","4","4","Sempre","Nada preocupado","Talvez tomaria"
"2024/03/14 9:45:00 PM GMT-3","23","Feminino","Superior completo","","Prefiro não informar","Uma","Sim","SC","Joinville ","Iririú ","Casa","3","Internet (redes sociais, sites oficiais)","Vírus","Picada do mosquito Aedes Aegypt","Febre;Dores no corpo;Perda do olfato e paladar;Manchas pelo corpo","Usar repelente","Não deixar água parada em garrafas, vasos de planta e pneus;Manter lixeiras tampadas e protegidas da chuva;Limpar as calhas;Descartar adequadamente objetos que acumulam água","Moderadamente satisfatório","4","4","Raramente","Moderadamente preocupado","Não tomaria"
"2024/03/14 9:45:41 PM GMT-3","21","Masculino","Médio completo","Trabalho;Estudo","4 a 6 salários mínimos","Nenhuma","Sim","Goiás","Goiânia ","Finsocial","Casa","1","Mídia tradicional (TV, rádio, jornal)","Parasita","Picada do mosquito Tsé-Tsé;Picada do mosquito Aedes Aegypt","Febre;Dores no corpo;Manchas pelo corpo;Tosse;Dor de garganta","Usar repelente;Tomar uma vacina","Não deixar água parada em garrafas, vasos de planta e pneus;Manter lixeiras tampadas e protegidas da chuva;Retirar água de plantas que acumulam água, como as bromélias;Limpar as calhas;Descartar adequadamente objetos que acumulam água","Nunca tive dengue","3","2","Às vezes","Nada preocupado","Talvez tomaria"
"2024/03/14 9:47:47 PM GMT-3","18","Feminino","Médio completo","Estudo","11 ou mais salários mínimos","Nenhuma","Sim","Santa Catarina ","Joinville ","Costa e Silva ","Casa","3","Profissionais de saúde","Vírus","Picada do mosquito Aedes Aegypt","Febre;Dores no corpo;Manchas pelo corpo","Usar repelente;Tomar uma vacina","Não deixar água parada em garrafas, vasos de planta e pneus;Manter lixeiras tampadas e protegidas da chuva;Retirar água de plantas que acumulam água, como as bromélias;Limpar as calhas;Descartar adequadamente objetos que acumulam água","Nunca tive dengue","4","3","Às vezes","Moderadamente preocupado","Certamente tomaria"
"2024/03/14 9:53:48 PM GMT-3","44","Masculino","Superior completo","Trabalho","7 a 10 salários mínimos","Nenhuma","Sim","Amazonas ","Manaus","Gilberto mestrinho ","Casa","Cinco ","Internet (redes sociais, sites oficiais)","Vírus","Picada do mosquito Aedes Aegypt","Febre;Dores no corpo","Tomar uma vacina","Não deixar água parada em garrafas, vasos de planta e pneus;Manter lixeiras tampadas e protegidas da chuva;Retirar água de plantas que acumulam água, como as bromélias;Limpar as calhas;Descartar adequadamente objetos que acumulam água","Nunca tive dengue","1","2","Frequentemente","Moderadamente preocupado","Talvez tomaria"
"2024/03/14 9:54:34 PM GMT-3","23","Outro","Médio completo","Trabalho","1 a 3 salários mínimos","Uma","Sim","Goiás ","Trindade","Residêncial vieira","Casa","3","Internet (redes sociais, sites oficiais)","Vírus","Picada do mosquito Aedes Aegypt","Febre;Dores no corpo;Manchas pelo corpo","Usar repelente","Não deixar água parada em garrafas, vasos de planta e pneus;Manter lixeiras tampadas e protegidas da chuva;Retirar água de plantas que acumulam água, como as bromélias;Limpar as calhas;Descartar adequadamente objetos que acumulam água","Muito satisfatório","4","4","Frequentemente","Muito preocupado","Talvez tomaria"
"2024/03/14 9:55:36 PM GMT-3","20","Masculino","Médio completo","Trabalho;Estudo","11 ou mais salários mínimos","Duas","Sim","Goias","Aparecida de Goiânia ","Cidade Vera Cruz 2","Casa","4","Profissionais de saúde","Parasita","Picada do mosquito Aedes Aegypt","Febre;Dores no corpo;Manchas pelo corpo","Usar repelente","Não deixar água parada em garrafas, vasos de planta e pneus;Manter lixeiras tampadas e protegidas da chuva;Retirar água de plantas que acumulam água, como as bromélias;Limpar as calhas;Descartar adequadamente objetos que acumulam água","Moderadamente satisfatório","3","1","Frequentemente","Nada preocupado","Talvez tomaria"
"2024/03/14 9:56:21 PM GMT-3","22","Feminino","Médio completo","Trabalho","4 a 6 salários mínimos","Uma","Sim","Santa Catarina ","Joinville","Costa e Silva","Apartamento","3","Profissionais de saúde","Parasita","Picada do mosquito Aedes Aegypt","Febre;Dores no corpo;Manchas pelo corpo","Usar repelente;Tomar uma vacina","Não deixar água parada em garrafas, vasos de planta e pneus;Manter lixeiras tampadas e protegidas da chuva;Retirar água de plantas que acumulam água, como as bromélias;Limpar as calhas;Descartar adequadamente objetos que acumulam água","Moderadamente satisfatório","5","3","Frequentemente","Extremamente preocupado","Certamente tomaria"
"2024/03/14 9:57:43 PM GMT-3","18","Feminino","Médio completo","Trabalho","4 a 6 salários mínimos","Nenhuma","Sim","Goiás ","Aparecida de Goiânia ","Cidade vera Cruz 2 ","Casa","3","Internet (redes sociais, sites oficiais)","Parasita","Picada do mosquito Aedes Aegypt","Febre;Dores no corpo;Manchas pelo corpo","Usar repelente;Tomar uma vacina","Não deixar água parada em garrafas, vasos de planta e pneus;Retirar água de plantas que acumulam água, como as bromélias;Limpar as calhas;Descartar adequadamente objetos que acumulam água","Nunca tive dengue","5","1","Às vezes","Moderadamente preocupado","Certamente tomaria"
"2024/03/14 10:06:17 PM GMT-3","47","Feminino","Médio completo","Trabalho","4 a 6 salários mínimos","Uma","Sim","Santa Catarina ","Joinville ","Aventureiro ","Casa","2","Internet (redes sociais, sites oficiais)","Vírus","Picada do mosquito Aedes Aegypt","Febre;Dores no corpo;Manchas pelo corpo","Usar repelente","Não deixar água parada em garrafas, vasos de planta e pneus;Manter lixeiras tampadas e protegidas da chuva;Retirar água de plantas que acumulam água, como as bromélias;Limpar as calhas;Descartar adequadamente objetos que acumulam água","Moderadamente satisfatório","5","3","Sempre","Extremamente preocupado","Certamente tomaria"
"2024/03/14 10:06:47 PM GMT-3","21","Feminino","Médio completo","Trabalho","1 a 3 salários mínimos","Nenhuma","Sim","Goiás ","Aparecida de Goiânia ","Residencial Alvaluz luz","Apartamento","1","Internet (redes sociais, sites oficiais)","Parasita","Picada do mosquito Aedes Aegypt","Febre;Dores no corpo;Manchas pelo corpo","Usar repelente","Não deixar água parada em garrafas, vasos de planta e pneus;Manter lixeiras tampadas e protegidas da chuva;Retirar água de plantas que acumulam água, como as bromélias;Limpar as calhas;Descartar adequadamente objetos que acumulam água","Nunca tive dengue","4","3","Raramente","Pouco preocupado","Certamente tomaria"
"2024/03/14 10:10:18 PM GMT-3","39","Feminino","Superior completo","Trabalho","1 a 3 salários mínimos","Nenhuma","Sim","Santa Catarina ","Joinville ","Paranaguamirim ","Casa","4","Mídia tradicional (TV, rádio, jornal)","Vírus","Picada do mosquito Aedes Aegypt","Febre;Dores no corpo;Manchas pelo corpo","Usar repelente;Tomar uma vacina","Não deixar água parada em garrafas, vasos de planta e pneus;Manter lixeiras tampadas e protegidas da chuva;Retirar água de plantas que acumulam água, como as bromélias;Limpar as calhas;Descartar adequadamente objetos que acumulam água","Nunca tive dengue","4","4","Frequentemente","Muito preocupado","Certamente tomaria"
"2024/03/14 10:17:06 PM GMT-3","46","Feminino","Médio completo","Trabalho","4 a 6 salários mínimos","Nenhuma","Sim","Santa Catarina ","Joinville ","Comasa","Casa","3","Profissionais de saúde","Vírus","Picada do mosquito Aedes Aegypt","Febre;Dores no corpo;Manchas pelo corpo","Usar repelente","Não deixar água parada em garrafas, vasos de planta e pneus;Manter lixeiras tampadas e protegidas da chuva;Retirar água de plantas que acumulam água, como as bromélias;Limpar as calhas;Descartar adequadamente objetos que acumulam água","Nunca tive dengue","5","3","Frequentemente","Muito preocupado","Talvez tomaria"
"2024/03/14 10:21:50 PM GMT-3","21","Feminino","Médio completo","Trabalho;Estudo","1 a 3 salários mínimos","Duas","Sim","Goias","Aparecida de Goiânia ","Vera cruz","Casa","2","Internet (redes sociais, sites oficiais)","Vírus","Picada do mosquito Aedes Aegypt","Febre;Dores no corpo;Manchas pelo corpo","Usar repelente","Não deixar água parada em garrafas, vasos de planta e pneus;Manter lixeiras tampadas e protegidas da chuva;Retirar água de plantas que acumulam água, como as bromélias;Limpar as calhas;Descartar adequadamente objetos que acumulam água","Pouco satisfatório","4","1","Às vezes","Moderadamente preocupado","Certamente tomaria"
"2024/03/14 10:22:57 PM GMT-3","53","Feminino","Fundamental incompleto","Trabalho","1 a 3 salários mínimos","Nenhuma","Sim","SC","Itajaí ","Centro ","Apartamento","2","Internet (redes sociais, sites oficiais)","Parasita","Picada do mosquito Aedes Aegypt","Febre;Dores no corpo;Perda do olfato e paladar;Manchas pelo corpo","Usar repelente","Não deixar água parada em garrafas, vasos de planta e pneus;Manter lixeiras tampadas e protegidas da chuva;Retirar água de plantas que acumulam água, como as bromélias;Limpar as calhas;Descartar adequadamente objetos que acumulam água","Satisfatório","2","2","Raramente","Pouco preocupado","Talvez tomaria"
"2024/03/14 10:25:04 PM GMT-3","18","Feminino","Médio completo","Estudo","7 a 10 salários mínimos","Nenhuma","Não","Sc","Florianópolis ","Ingleses","Casa","5","Mídia tradicional (TV, rádio, jornal)","Vírus","Picada do mosquito Aedes Aegypt","Manchas pelo corpo","Tomar uma vacina","Não deixar água parada em garrafas, vasos de planta e pneus;Manter lixeiras tampadas e protegidas da chuva;Retirar água de plantas que acumulam água, como as bromélias;Limpar as calhas;Descartar adequadamente objetos que acumulam água","Nunca tive dengue","4","3","Frequentemente","Moderadamente preocupado","Certamente tomaria"
"2024/03/14 10:26:29 PM GMT-3","27","Feminino","Superior completo","Trabalho;Estudo","1 a 3 salários mínimos","Nenhuma","Não","Santa Catarina ","Joinville","Santo Antônio ","Apartamento","1","Mídia tradicional (TV, rádio, jornal)","Vírus","Picada do mosquito Aedes Aegypt","Febre;Dores no corpo;Manchas pelo corpo","Usar repelente;Tomar uma vacina","Não deixar água parada em garrafas, vasos de planta e pneus;Manter lixeiras tampadas e protegidas da chuva;Retirar água de plantas que acumulam água, como as bromélias;Limpar as calhas;Descartar adequadamente objetos que acumulam água","Nunca tive dengue","5","5","Sempre","Muito preocupado","Certamente tomaria"
"2024/03/14 10:26:38 PM GMT-3","43","Feminino","Médio completo","Trabalho","Prefiro não informar","Nenhuma","Sim","Santa Catarina","Joinville","Santa Catarina","Casa","4","Internet (redes sociais, sites oficiais)","Vírus","Picada do mosquito Aedes Aegypt","Febre;Dores no corpo;Manchas pelo corpo","Usar repelente","Não deixar água parada em garrafas, vasos de planta e pneus;Manter lixeiras tampadas e protegidas da chuva;Retirar água de plantas que acumulam água, como as bromélias;Limpar as calhas;Descartar adequadamente objetos que acumulam água","Nunca tive dengue","4","4","Frequentemente","Muito preocupado","Certamente tomaria"
"2024/03/14 10:26:52 PM GMT-3","21","Feminino","Médio completo","Trabalho;Estudo","Prefiro não informar","Nenhuma","Sim","Goiás ","Goiânia ","Vila rosa ","Casa","6","Mídia tradicional (TV, rádio, jornal)","Parasita","Picada do mosquito Aedes Aegypt","Manchas pelo corpo","Usar repelente;Tomar uma vacina","Não deixar água parada em garrafas, vasos de planta e pneus;Manter lixeiras tampadas e protegidas da chuva;Retirar água de plantas que acumulam água, como as bromélias;Limpar as calhas;Descartar adequadamente objetos que acumulam água","Nunca tive dengue","4","2","Raramente","Moderadamente preocupado","Talvez tomaria"
"2024/03/14 10:35:46 PM GMT-3","37","Feminino","Médio completo","Trabalho;Estudo","4 a 6 salários mínimos","Nenhuma","Não","Santa Catarina ","Joinville ","Jardim paraíso ","Casa","5","Profissionais de saúde","Parasita","Picada do mosquito Aedes Aegypt","Febre;Dores no corpo;Manchas pelo corpo","Usar repelente;Tomar uma vacina","Não deixar água parada em garrafas, vasos de planta e pneus;Manter lixeiras tampadas e protegidas da chuva;Retirar água de plantas que acumulam água, como as bromélias;Limpar as calhas;Descartar adequadamente objetos que acumulam água","Nunca tive dengue","2","1","Frequentemente","Muito preocupado","Certamente tomaria"
"2024/03/14 10:36:33 PM GMT-3","30","Masculino","Superior completo","Trabalho","7 a 10 salários mínimos","Nenhuma","Sim","Goiás","Goiania","Alto da Glória ","Apartamento","0","Internet (redes sociais, sites oficiais)","Vírus","Picada do mosquito Aedes Aegypt","Febre;Dores no corpo;Manchas pelo corpo","Usar repelente","Não deixar água parada em garrafas, vasos de planta e pneus;Manter lixeiras tampadas e protegidas da chuva;Retirar água de plantas que acumulam água, como as bromélias;Limpar as calhas;Descartar adequadamente objetos que acumulam água","Nunca tive dengue","5","3","Raramente","Moderadamente preocupado","Talvez tomaria"
"2024/03/14 10:41:04 PM GMT-3","27","Feminino","Superior completo","Trabalho","4 a 6 salários mínimos","Uma","Sim","Goiás ","Goiânia ","Residencial recanto do bosque ","Casa","Nenhuma ","Internet (redes sociais, sites oficiais)","Parasita","Picada do mosquito Aedes Aegypt","Febre;Dores no corpo;Manchas pelo corpo","Usar repelente","Não deixar água parada em garrafas, vasos de planta e pneus;Manter lixeiras tampadas e protegidas da chuva;Retirar água de plantas que acumulam água, como as bromélias;Limpar as calhas;Descartar adequadamente objetos que acumulam água","Muito satisfatório","4","4","Às vezes","Moderadamente preocupado","Certamente tomaria"
"2024/03/14 10:42:49 PM GMT-3","21","Masculino","Médio completo","Trabalho;Estudo","4 a 6 salários mínimos","Nenhuma","Sim","Goiás ","Goiânia ","Itaipú ","Casa","3","Mídia tradicional (TV, rádio, jornal)","Vírus","Picada do mosquito Aedes Aegypt","Febre;Dores no corpo","Usar repelente;Tomar uma vacina","Não deixar água parada em garrafas, vasos de planta e pneus;Manter lixeiras tampadas e protegidas da chuva;Retirar água de plantas que acumulam água, como as bromélias;Limpar as calhas;Descartar adequadamente objetos que acumulam água","Nunca tive dengue","5","4","Sempre","Moderadamente preocupado","Certamente tomaria"
"2024/03/14 10:49:58 PM GMT-3","20","Masculino","Médio completo","Trabalho;Estudo","1 a 3 salários mínimos","Nenhuma","Sim","Santa Catarina ","Joinville ","Vila nova ","Casa","4","Internet (redes sociais, sites oficiais)","Vírus","Picada do mosquito Aedes Aegypt","Febre;Dores no corpo;Manchas pelo corpo","Usar repelente","Não deixar água parada em garrafas, vasos de planta e pneus;Manter lixeiras tampadas e protegidas da chuva;Retirar água de plantas que acumulam água, como as bromélias;Limpar as calhas;Descartar adequadamente objetos que acumulam água","Nunca tive dengue","5","4","Às vezes","Extremamente preocupado","Talvez tomaria"
"2024/03/14 10:50:01 PM GMT-3","22","Feminino","Médio completo","Trabalho;Estudo","1 a 3 salários mínimos","Duas","Sim","Goiás ","Goiânia ","Parque Oeste Industrial ","Apartamento","1","Internet (redes sociais, sites oficiais)","Parasita","Picada do mosquito Aedes Aegypt","Febre;Dores no corpo;Manchas pelo corpo","Usar repelente;Tomar uma vacina","Não deixar água parada em garrafas, vasos de planta e pneus;Manter lixeiras tampadas e protegidas da chuva;Retirar água de plantas que acumulam água, como as bromélias;Limpar as calhas;Descartar adequadamente objetos que acumulam água","Insatisfatório","1","1","Sempre","Extremamente preocupado","Certamente tomaria"
"2024/03/14 10:54:25 PM GMT-3","12 anos ","Feminino","Fundamental incompleto","Estudo","4 a 6 salários mínimos","Nenhuma","Sim","Goiás ","Aparecida de Goiânia ","American Park","Casa","3 pessoas ","Mídia tradicional (TV, rádio, jornal)","Vírus","Picada do mosquito Aedes Aegypt","Febre;Dores no corpo;Manchas pelo corpo","Tomar uma vacina","Não deixar água parada em garrafas, vasos de planta e pneus","Nunca tive dengue","3","2","Às vezes","Muito preocupado","Certamente tomaria"
"2024/03/14 11:51:19 PM GMT-3","24","Feminino","Superior completo","Trabalho","4 a 6 salários mínimos","Nenhuma","Sim","Santa Catarina","Joinville","Comasa","Casa","3","Internet (redes sociais, sites oficiais)","Vírus","Picada do mosquito Aedes Aegypt","Febre;Dores no corpo;Manchas pelo corpo","Usar repelente","Não deixar água parada em garrafas, vasos de planta e pneus;Manter lixeiras tampadas e protegidas da chuva;Retirar água de plantas que acumulam água, como as bromélias;Limpar as calhas;Descartar adequadamente objetos que acumulam água","Nunca tive dengue","3","3","Sempre","Muito preocupado","Certamente tomaria"
"2024/03/14 11:53:05 PM GMT-3","18","Feminino","Médio completo","Trabalho;Estudo","1 a 3 salários mínimos","Nenhuma","Sim","Santa Catarina ","Joinville ","Comasa","Casa","1","Mídia tradicional (TV, rádio, jornal)","Vírus","Picada do mosquito Aedes Aegypt","Febre;Dores no corpo;Manchas pelo corpo","Usar repelente","Não deixar água parada em garrafas, vasos de planta e pneus;Manter lixeiras tampadas e protegidas da chuva;Retirar água de plantas que acumulam água, como as bromélias;Limpar as calhas;Descartar adequadamente objetos que acumulam água","Nunca tive dengue","4","2","Frequentemente","Muito preocupado","Talvez tomaria"
"2024/03/15 12:50:59 AM GMT-3","22","Feminino","Médio completo","Trabalho","1 a 3 salários mínimos","Nenhuma","Sim","Goiás ","Aparecida de Goiânia ","Cidade vera cruz","Casa","3","Internet (redes sociais, sites oficiais)","Parasita","Picada do mosquito Aedes Aegypt","Febre;Dores no corpo;Manchas pelo corpo","Usar repelente","Não deixar água parada em garrafas, vasos de planta e pneus;Manter lixeiras tampadas e protegidas da chuva;Retirar água de plantas que acumulam água, como as bromélias;Limpar as calhas;Descartar adequadamente objetos que acumulam água","Nunca tive dengue","4","3","Às vezes","Moderadamente preocupado","Talvez tomaria"
"2024/03/15 5:37:53 AM GMT-3","60","Feminino","Superior completo","Trabalho","1 a 3 salários mínimos","Nenhuma","Não","SC ","Joinville ","Guanabara ","Casa","1","Mídia tradicional (TV, rádio, jornal)","Vírus","Picada do mosquito Aedes Aegypt","Febre;Dores no corpo;Manchas pelo corpo","Usar repelente","Não deixar água parada em garrafas, vasos de planta e pneus;Descartar adequadamente objetos que acumulam água","Nunca tive dengue","5","4","Sempre","Muito preocupado","Certamente tomaria"
"2024/03/15 6:13:28 AM GMT-3","31","Feminino","Superior completo","Trabalho;Estudo","1 a 3 salários mínimos","Nenhuma","Sim","Santa Catarina ","Joinville ","Rio bonito ","Casa","7","Internet (redes sociais, sites oficiais)","Vírus","Picada do mosquito Aedes Aegypt","Dores no corpo;Manchas pelo corpo","Usar repelente","Não deixar água parada em garrafas, vasos de planta e pneus;Manter lixeiras tampadas e protegidas da chuva;Retirar água de plantas que acumulam água, como as bromélias;Limpar as calhas;Descartar adequadamente objetos que acumulam água","Nunca tive dengue","5","1","Às vezes","Moderadamente preocupado","Certamente tomaria"
"2024/03/15 6:14:48 AM GMT-3","31","Feminino","Médio completo","Trabalho","1 a 3 salários mínimos","Uma","Sim","Santa Catarina ","Joinville ","Ulysses Guimarães ","Casa","1","Internet (redes sociais, sites oficiais)","Vírus","Picada do mosquito Aedes Aegypt","Febre;Dores no corpo;Manchas pelo corpo","Usar repelente","Não deixar água parada em garrafas, vasos de planta e pneus;Manter lixeiras tampadas e protegidas da chuva;Retirar água de plantas que acumulam água, como as bromélias;Limpar as calhas;Descartar adequadamente objetos que acumulam água","Muito satisfatório","4","3","Sempre","Extremamente preocupado","Talvez tomaria"
"2024/03/15 6:17:26 AM GMT-3","21","Masculino","Médio completo","Trabalho;Estudo","1 a 3 salários mínimos","Nenhuma","Sim","Goiás","Goiânia","Setor Bueno","Apartamento","0","Internet (redes sociais, sites oficiais)","Vírus","Picada do mosquito Aedes Aegypt","Febre;Dores no corpo","Usar repelente","Não deixar água parada em garrafas, vasos de planta e pneus;Manter lixeiras tampadas e protegidas da chuva;Retirar água de plantas que acumulam água, como as bromélias;Limpar as calhas;Descartar adequadamente objetos que acumulam água","Nunca tive dengue","4","1","Frequentemente","Muito preocupado","Certamente tomaria"
"2024/03/15 6:22:52 AM GMT-3","22","Feminino","Médio completo","Trabalho;Estudo","4 a 6 salários mínimos","Uma","Não","Sc","Joinville ","Iririú ","Casa","3","Mídia tradicional (TV, rádio, jornal)","Vírus","Picada do mosquito Aedes Aegypt","Febre;Dores no corpo;Manchas pelo corpo","Usar repelente;Tomar uma vacina","Não deixar água parada em garrafas, vasos de planta e pneus;Manter lixeiras tampadas e protegidas da chuva;Retirar água de plantas que acumulam água, como as bromélias;Limpar as calhas;Descartar adequadamente objetos que acumulam água","Moderadamente satisfatório","5","1","Frequentemente","Extremamente preocupado","Talvez tomaria"
"2024/03/15 7:48:17 AM GMT-3","26","Feminino","Médio completo","Estudo","1 a 3 salários mínimos","Uma","Sim","Santa Catarina ","Joinville ","Morro do meio ","Casa","2","Internet (redes sociais, sites oficiais)","Vírus","Picada do mosquito Aedes Aegypt","Febre;Dores no corpo;Manchas pelo corpo","Usar repelente;Tomar uma vacina","Não deixar água parada em garrafas, vasos de planta e pneus;Manter lixeiras tampadas e protegidas da chuva;Limpar as calhas;Descartar adequadamente objetos que acumulam água","Moderadamente satisfatório","3","2","Frequentemente","Muito preocupado","Certamente tomaria"
"2024/03/15 8:13:12 AM GMT-3","22","Feminino","Superior completo","Trabalho;Estudo","4 a 6 salários mínimos","Nenhuma","Não","Santa Catarina","Itajaí","Limoeiro","Casa","2","Internet (redes sociais, sites oficiais)","Vírus","Picada do mosquito Aedes Aegypt","Febre;Dores no corpo;Manchas pelo corpo","Usar repelente","Não deixar água parada em garrafas, vasos de planta e pneus;Manter lixeiras tampadas e protegidas da chuva;Limpar as calhas;Descartar adequadamente objetos que acumulam água","Nunca tive dengue","3","2","Frequentemente","Moderadamente preocupado","Certamente tomaria"
"2024/03/15 8:18:32 AM GMT-3","43","Feminino","Médio completo","Estudo","1 a 3 salários mínimos","Nenhuma","Sim","Santa Catarina ","Itajaí ","Limoeiro ","Casa","2","Profissionais de saúde","Vírus","Picada do mosquito Aedes Aegypt","Febre;Dores no corpo;Manchas pelo corpo","Usar repelente","Não deixar água parada em garrafas, vasos de planta e pneus;Manter lixeiras tampadas e protegidas da chuva;Retirar água de plantas que acumulam água, como as bromélias;Limpar as calhas;Descartar adequadamente objetos que acumulam água","Nunca tive dengue","2","2","Frequentemente","Moderadamente preocupado","Certamente tomaria"
"2024/03/15 8:18:52 AM GMT-3","44","Masculino","Fundamental completo","Trabalho","1 a 3 salários mínimos","Uma","Sim","Santa catarina","Joinville","Comasa","Casa","1","Internet (redes sociais, sites oficiais)","Parasita","Picada do mosquito Aedes Aegypt","Febre;Dores no corpo","Usar repelente","Não deixar água parada em garrafas, vasos de planta e pneus;Manter lixeiras tampadas e protegidas da chuva;Retirar água de plantas que acumulam água, como as bromélias;Limpar as calhas;Descartar adequadamente objetos que acumulam água","Moderadamente satisfatório","4","2","Frequentemente","Extremamente preocupado","Não tomaria"
"2024/03/15 8:19:37 AM GMT-3","47","Feminino","Fundamental completo","","Prefiro não informar","Nenhuma","Sim","Santa Catarina","Joinville","Aventureiro","Casa","3","Internet (redes sociais, sites oficiais)","Parasita","Picada do mosquito Aedes Aegypt","Febre;Dores no corpo;Manchas pelo corpo","Usar repelente","Não deixar água parada em garrafas, vasos de planta e pneus;Manter lixeiras tampadas e protegidas da chuva;Retirar água de plantas que acumulam água, como as bromélias;Limpar as calhas;Descartar adequadamente objetos que acumulam água","Nunca tive dengue","5","1","Sempre","Extremamente preocupado","Talvez tomaria"
"2024/03/15 8:20:54 AM GMT-3","37 anos ","Feminino","Superior completo","Trabalho;Estudo","1 a 3 salários mínimos","Nenhuma","Sim","SC","São Francisco do Sul SC ","Ubatuba ","Casa","2","Profissionais de saúde","Vírus","Picada do mosquito Aedes Aegypt","Febre;Dores no corpo;Manchas pelo corpo","Usar repelente","Não deixar água parada em garrafas, vasos de planta e pneus;Manter lixeiras tampadas e protegidas da chuva;Retirar água de plantas que acumulam água, como as bromélias;Limpar as calhas;Descartar adequadamente objetos que acumulam água","Nunca tive dengue","3","1","Frequentemente","Muito preocupado","Certamente tomaria"
"2024/03/15 8:26:18 AM GMT-3","24","Feminino","Médio completo","Trabalho;Estudo","Prefiro não informar","Nenhuma","Sim","Santa Catarina ","Araquari","Itinga","Apartamento","0","Internet (redes sociais, sites oficiais)","Vírus","Picada do mosquito Aedes Aegypt","Febre;Dores no corpo;Manchas pelo corpo","Usar repelente;Tomar uma vacina","Não deixar água parada em garrafas, vasos de planta e pneus;Manter lixeiras tampadas e protegidas da chuva;Retirar água de plantas que acumulam água, como as bromélias;Limpar as calhas;Descartar adequadamente objetos que acumulam água","Nunca tive dengue","3","2","Às vezes","Extremamente preocupado","Certamente tomaria"
"2024/03/15 8:28:04 AM GMT-3","41","Feminino","Médio completo","Trabalho","4 a 6 salários mínimos","Duas","Sim","Santa Catarina ","Joinville ","Boa vista ","Casa","4","Mídia tradicional (TV, rádio, jornal)","Parasita","Picada do mosquito Aedes Aegypt","Febre;Dores no corpo;Manchas pelo corpo","Usar repelente;Tomar uma vacina","Não deixar água parada em garrafas, vasos de planta e pneus;Manter lixeiras tampadas e protegidas da chuva;Retirar água de plantas que acumulam água, como as bromélias;Limpar as calhas;Descartar adequadamente objetos que acumulam água","Moderadamente satisfatório","3","3","Frequentemente","Moderadamente preocupado","Certamente tomaria"
"2024/03/15 8:31:47 AM GMT-3","39","Masculino","Superior completo","Trabalho","4 a 6 salários mínimos","Nenhuma","Sim","Santa Catarina ","Joinville ","Costa e Silva ","Casa","3","Internet (redes sociais, sites oficiais)","Vírus","Picada do mosquito Aedes Aegypt","Febre;Dores no corpo;Manchas pelo corpo","Usar repelente","Não deixar água parada em garrafas, vasos de planta e pneus;Manter lixeiras tampadas e protegidas da chuva;Retirar água de plantas que acumulam água, como as bromélias;Limpar as calhas;Descartar adequadamente objetos que acumulam água","Nunca tive dengue","4","2","Frequentemente","Moderadamente preocupado","Talvez tomaria"
"2024/03/15 8:39:20 AM GMT-3","36","Feminino","Superior completo","Trabalho","4 a 6 salários mínimos","Uma","Sim","Santa Catarina ","Joinville ","Vila Nova","Casa","3","Internet (redes sociais, sites oficiais)","Vírus","Picada do mosquito Aedes Aegypt","Febre;Dores no corpo;Manchas pelo corpo","Usar repelente;Tomar uma vacina","Não deixar água parada em garrafas, vasos de planta e pneus;Manter lixeiras tampadas e protegidas da chuva;Retirar água de plantas que acumulam água, como as bromélias;Limpar as calhas;Descartar adequadamente objetos que acumulam água","Satisfatório","4","3","Sempre","Extremamente preocupado","Certamente tomaria"
"2024/03/15 8:44:59 AM GMT-3","48","Masculino","Superior completo","Trabalho;Estudo","1 a 3 salários mínimos","Uma","Não","SC","Joinville","Costa e Silva","Apartamento","3","Mídia tradicional (TV, rádio, jornal)","Vírus","Picada do mosquito Aedes Aegypt","Febre;Dores no corpo;Manchas pelo corpo","Usar repelente","Não deixar água parada em garrafas, vasos de planta e pneus;Manter lixeiras tampadas e protegidas da chuva;Retirar água de plantas que acumulam água, como as bromélias;Limpar as calhas;Descartar adequadamente objetos que acumulam água","Satisfatório","4","1","Sempre","Muito preocupado","Certamente tomaria"
"2024/03/15 8:49:24 AM GMT-3","18","Feminino","Médio completo","Trabalho","7 a 10 salários mínimos","Nenhuma","Não","santa catarina ","joinville ","joão costa ","Casa","3","Internet (redes sociais, sites oficiais)","Vírus","Ingestão de água ou alimentos contaminados","Dores no corpo","Usar repelente","Não deixar água parada em garrafas, vasos de planta e pneus","Nunca tive dengue","5","4","Frequentemente","Moderadamente preocupado","Certamente tomaria"
"2024/03/15 9:14:18 AM GMT-3","45","Masculino","Médio completo","Trabalho","4 a 6 salários mínimos","Nenhuma","Sim","Santa catarina","Joinville ","Fátima ","Casa","3","Mídia tradicional (TV, rádio, jornal)","Vírus","Picada do mosquito Aedes Aegypt","Febre;Dores no corpo;Manchas pelo corpo","Usar repelente;Tomar uma vacina","Não deixar água parada em garrafas, vasos de planta e pneus;Manter lixeiras tampadas e protegidas da chuva;Retirar água de plantas que acumulam água, como as bromélias;Limpar as calhas;Descartar adequadamente objetos que acumulam água","Nunca tive dengue","1","1","Sempre","Moderadamente preocupado","Não tomaria"
"2024/03/15 9:20:50 AM GMT-3","19","Feminino","Médio completo","Trabalho;Estudo","1 a 3 salários mínimos","Nenhuma","Sim","Sc","Joinville ","Paranaguamirim ","Casa","2","Profissionais de saúde","Parasita","Picada do mosquito Aedes Aegypt","Febre;Dores no corpo;Manchas pelo corpo","Usar repelente;Tomar uma vacina","Não deixar água parada em garrafas, vasos de planta e pneus;Manter lixeiras tampadas e protegidas da chuva;Retirar água de plantas que acumulam água, como as bromélias;Limpar as calhas;Descartar adequadamente objetos que acumulam água","Nunca tive dengue","4","1","Frequentemente","Muito preocupado","Certamente tomaria"
"2024/03/15 9:33:44 AM GMT-3","42","Feminino","Médio completo","Trabalho","4 a 6 salários mínimos","Uma","Não","Santa Catarina ","Joinville ","Paranaguamirim ","Casa","3","Mídia tradicional (TV, rádio, jornal)","Vírus","Picada do mosquito Aedes Aegypt","Febre;Dores no corpo;Manchas pelo corpo","Usar repelente;Tomar uma vacina","Não deixar água parada em garrafas, vasos de planta e pneus;Manter lixeiras tampadas e protegidas da chuva;Retirar água de plantas que acumulam água, como as bromélias;Limpar as calhas;Descartar adequadamente objetos que acumulam água","Moderadamente satisfatório","4","4","Sempre","Extremamente preocupado","Certamente tomaria"
"2024/03/15 9:37:17 AM GMT-3","29","Feminino","Médio completo","Estudo","Até 1 salário mínimo","Uma","Sim","Santa catarina","Joinville","Jarivatuba","Casa","3","Mídia tradicional (TV, rádio, jornal)","Parasita","Picada do mosquito Aedes Aegypt","Febre;Dores no corpo;Manchas pelo corpo","Usar repelente","Não deixar água parada em garrafas, vasos de planta e pneus;Manter lixeiras tampadas e protegidas da chuva;Retirar água de plantas que acumulam água, como as bromélias;Limpar as calhas;Descartar adequadamente objetos que acumulam água","Pouco satisfatório","5","1","Sempre","Extremamente preocupado","Certamente tomaria"
"2024/03/15 9:45:28 AM GMT-3","41 anos","Feminino","Médio completo","Trabalho","Até 1 salário mínimo","Nenhuma","Sim","Brilhante primeiro","Itajaí","Brilhante","Casa","3","Profissionais de saúde","Parasita","Picada do mosquito Aedes Aegypt","Febre;Dores no corpo;Perda do olfato e paladar;Manchas pelo corpo;Tosse;Dor de garganta","Usar repelente","Não deixar água parada em garrafas, vasos de planta e pneus;Manter lixeiras tampadas e protegidas da chuva;Retirar água de plantas que acumulam água, como as bromélias;Limpar as calhas;Descartar adequadamente objetos que acumulam água","Nunca tive dengue","5","3","Às vezes","Moderadamente preocupado","Certamente tomaria"
"2024/03/15 9:46:22 AM GMT-3","45","Masculino","Médio completo","Trabalho","4 a 6 salários mínimos","Uma","Sim","Santa Catarina ","Joinville ","Ademar Garcia ","Casa","4","Internet (redes sociais, sites oficiais)","Vírus","Picada do mosquito Aedes Aegypt","Febre;Dores no corpo;Perda do olfato e paladar;Manchas pelo corpo;Tosse;Dor de garganta","Tomar uma vacina","Não deixar água parada em garrafas, vasos de planta e pneus;Manter lixeiras tampadas e protegidas da chuva;Retirar água de plantas que acumulam água, como as bromélias;Limpar as calhas;Descartar adequadamente objetos que acumulam água","Moderadamente satisfatório","3","3","Frequentemente","Muito preocupado","Certamente tomaria"
"2024/03/15 10:01:40 AM GMT-3","28","Feminino","Superior completo","Trabalho","Até 1 salário mínimo","Duas","Sim","Sc","Joinville ","Comasa","Casa","2","Amigos e familiares","Vírus","Picada do mosquito Aedes Aegypt","Febre;Dores no corpo;Manchas pelo corpo","Usar repelente","Não deixar água parada em garrafas, vasos de planta e pneus;Manter lixeiras tampadas e protegidas da chuva;Retirar água de plantas que acumulam água, como as bromélias;Limpar as calhas;Descartar adequadamente objetos que acumulam água","Satisfatório","4","1","Sempre","Extremamente preocupado","Talvez tomaria"
"2024/03/15 10:07:10 AM GMT-3","53","Feminino","Médio completo","Trabalho","7 a 10 salários mínimos","Nenhuma","Não","Minas gerais","Belo Horizonte ","Buritis ","Apartamento","3","Internet (redes sociais, sites oficiais)","Parasita","Picada do mosquito Aedes Aegypt","Febre;Dores no corpo","Usar repelente","Não deixar água parada em garrafas, vasos de planta e pneus;Manter lixeiras tampadas e protegidas da chuva;Retirar água de plantas que acumulam água, como as bromélias;Limpar as calhas;Descartar adequadamente objetos que acumulam água","Nunca tive dengue","4","1","Frequentemente","Moderadamente preocupado","Não tomaria"
"2024/03/15 10:17:48 AM GMT-3","32","Feminino","Médio completo","Trabalho","4 a 6 salários mínimos","Nenhuma","Não","Santa Catarina ","Joinville ","Paranaguamirim ","Casa","4","Internet (redes sociais, sites oficiais)","Parasita","Picada do mosquito Aedes Aegypt","Febre;Dores no corpo;Manchas pelo corpo","Usar repelente;Tomar uma vacina","Não deixar água parada em garrafas, vasos de planta e pneus;Manter lixeiras tampadas e protegidas da chuva;Retirar água de plantas que acumulam água, como as bromélias;Limpar as calhas;Descartar adequadamente objetos que acumulam água","Nunca tive dengue","3","1","Frequentemente","Extremamente preocupado","Certamente tomaria"
"2024/03/15 10:20:28 AM GMT-3","39","Feminino","Superior completo","Trabalho;Estudo","4 a 6 salários mínimos","Duas","Sim","Goiás ","Goiânia ","Setor Faiçalville III ","Casa","3","Mídia tradicional (TV, rádio, jornal)","Vírus","Picada do mosquito Aedes Aegypt","Febre;Dores no corpo;Manchas pelo corpo","Usar repelente","Não deixar água parada em garrafas, vasos de planta e pneus;Manter lixeiras tampadas e protegidas da chuva;Retirar água de plantas que acumulam água, como as bromélias;Limpar as calhas;Descartar adequadamente objetos que acumulam água","Muito satisfatório","4","4","Frequentemente","Extremamente preocupado","Talvez tomaria"
"2024/03/15 10:20:29 AM GMT-3","43","Feminino","Médio completo","Trabalho","1 a 3 salários mínimos","Nenhuma","Sim","SC ","ITAJAÍ ","Limoeiro ","Casa","3","Internet (redes sociais, sites oficiais)","Vírus","Picada do mosquito Aedes Aegypt","Febre;Dores no corpo;Manchas pelo corpo","Usar repelente","Não deixar água parada em garrafas, vasos de planta e pneus;Manter lixeiras tampadas e protegidas da chuva;Retirar água de plantas que acumulam água, como as bromélias;Limpar as calhas;Descartar adequadamente objetos que acumulam água","Nunca tive dengue","3","2","Frequentemente","Muito preocupado","Talvez tomaria"
"2024/03/15 10:27:33 AM GMT-3","69","Feminino","Fundamental incompleto","","4 a 6 salários mínimos","Uma","Sim","Santa Catarina ","Joinville ","Comasa","Casa","4","Internet (redes sociais, sites oficiais)","Vírus","Picada do mosquito Tsé-Tsé;Picada do mosquito Aedes Aegypt","Febre;Dores no corpo;Manchas pelo corpo","Usar repelente;Tomar uma vacina","Não deixar água parada em garrafas, vasos de planta e pneus;Manter lixeiras tampadas e protegidas da chuva;Retirar água de plantas que acumulam água, como as bromélias;Limpar as calhas;Descartar adequadamente objetos que acumulam água","Satisfatório","4","4","Frequentemente","Muito preocupado","Certamente tomaria"
"2024/03/15 10:31:43 AM GMT-3","29","Feminino","Superior completo","Trabalho;Estudo","4 a 6 salários mínimos","Nenhuma","Sim","SC","Itajaí","Santa Regina","Apartamento","1","Internet (redes sociais, sites oficiais)","Vírus","Picada do mosquito Aedes Aegypt","Febre;Dores no corpo;Manchas pelo corpo","Usar repelente","Não deixar água parada em garrafas, vasos de planta e pneus;Manter lixeiras tampadas e protegidas da chuva;Retirar água de plantas que acumulam água, como as bromélias;Limpar as calhas;Descartar adequadamente objetos que acumulam água","Nunca tive dengue","4","3","Frequentemente","Muito preocupado","Não tomaria"
"2024/03/15 10:35:31 AM GMT-3","37","Feminino","Superior completo","Trabalho","7 a 10 salários mínimos","Nenhuma","Sim","Santa Catarina ","Joinville ","MORRO DO MEIO","Casa","5","Profissionais de saúde","Vírus","Picada do mosquito Aedes Aegypt","Febre;Dores no corpo;Manchas pelo corpo;Dor de garganta","Usar repelente","Não deixar água parada em garrafas, vasos de planta e pneus;Manter lixeiras tampadas e protegidas da chuva;Retirar água de plantas que acumulam água, como as bromélias;Limpar as calhas;Descartar adequadamente objetos que acumulam água","Nunca tive dengue","3","3","Frequentemente","Moderadamente preocupado","Talvez tomaria"
"2024/03/15 10:50:28 AM GMT-3","22","Feminino","Médio completo","Estudo","1 a 3 salários mínimos","Nenhuma","Sim","Santa Catarina ","Camboriu","Monte alegre ","Casa","2","Internet (redes sociais, sites oficiais)","Parasita","Picada do mosquito Aedes Aegypt","Febre;Dores no corpo;Dor de garganta","Usar repelente","Não deixar água parada em garrafas, vasos de planta e pneus;Manter lixeiras tampadas e protegidas da chuva;Retirar água de plantas que acumulam água, como as bromélias;Limpar as calhas;Descartar adequadamente objetos que acumulam água","Nunca tive dengue","3","1","Sempre","Moderadamente preocupado","Certamente tomaria"
"2024/03/15 10:55:38 AM GMT-3","45","Masculino","Médio completo","Trabalho;Estudo","1 a 3 salários mínimos","Uma","Não","SC","Joinville ","Itinga ","Casa","4","Profissionais de saúde","Vírus","Picada do mosquito Aedes Aegypt","Febre;Dores no corpo;Manchas pelo corpo;Dor de garganta","Usar repelente","Não deixar água parada em garrafas, vasos de planta e pneus;Manter lixeiras tampadas e protegidas da chuva;Retirar água de plantas que acumulam água, como as bromélias;Limpar as calhas;Descartar adequadamente objetos que acumulam água","Pouco satisfatório","5","1","Sempre","Extremamente preocupado","Certamente tomaria"
"2024/03/15 10:59:16 AM GMT-3","21","Masculino","Médio completo","Trabalho;Estudo","1 a 3 salários mínimos","Nenhuma","Sim","Santa Catarina ","Joinville ","Jarivatuba ","Casa","3","Mídia tradicional (TV, rádio, jornal)","Vírus","Picada do mosquito Aedes Aegypt","Febre;Dores no corpo;Manchas pelo corpo","Usar repelente;Tomar uma vacina","Não deixar água parada em garrafas, vasos de planta e pneus;Manter lixeiras tampadas e protegidas da chuva;Retirar água de plantas que acumulam água, como as bromélias;Limpar as calhas;Descartar adequadamente objetos que acumulam água","Nunca tive dengue","3","2","Às vezes","Moderadamente preocupado","Certamente tomaria"
"2024/03/15 11:07:16 AM GMT-3","21","Feminino","Médio completo","Trabalho;Estudo","1 a 3 salários mínimos","Nenhuma","Sim","Santa Catarina","Joinville","Floresta","Casa","1","Amigos e familiares","Parasita","Picada do mosquito Aedes Aegypt","Febre;Dores no corpo;Manchas pelo corpo;Tosse;Dor de garganta","Usar repelente;Tomar uma vacina","Não deixar água parada em garrafas, vasos de planta e pneus;Manter lixeiras tampadas e protegidas da chuva;Retirar água de plantas que acumulam água, como as bromélias;Limpar as calhas;Descartar adequadamente objetos que acumulam água","Nunca tive dengue","3","3","Sempre","Muito preocupado","Certamente tomaria"
"2024/03/15 11:27:51 AM GMT-3","48","Masculino","Superior completo","Trabalho","Prefiro não informar","Nenhuma","Não","Paraná","Curitiba ","Água Verde","Apartamento","1","Mídia tradicional (TV, rádio, jornal)","Vírus","Picada do mosquito Aedes Aegypt","Febre;Dores no corpo;Manchas pelo corpo","Usar repelente","Não deixar água parada em garrafas, vasos de planta e pneus;Manter lixeiras tampadas e protegidas da chuva;Retirar água de plantas que acumulam água, como as bromélias;Limpar as calhas;Descartar adequadamente objetos que acumulam água","Nunca tive dengue","4","2","Nunca","Muito preocupado","Não tomaria"
"2024/03/15 11:34:24 AM GMT-3","65","Masculino","Superior completo","Trabalho;Estudo","4 a 6 salários mínimos","Uma","Não","Santa catarina","Itajaí","Espinheiro ","Casa","1","Internet (redes sociais, sites oficiais)","Vírus","Picada do mosquito Aedes Aegypt","Febre;Dores no corpo;Manchas pelo corpo","Usar repelente","Não deixar água parada em garrafas, vasos de planta e pneus;Manter lixeiras tampadas e protegidas da chuva;Retirar água de plantas que acumulam água, como as bromélias;Limpar as calhas;Descartar adequadamente objetos que acumulam água","Insatisfatório","1","1","Frequentemente","Muito preocupado","Certamente tomaria"
"2024/03/15 12:18:13 PM GMT-3","26","Masculino","Médio completo","Trabalho","7 a 10 salários mínimos","Nenhuma","Sim","SC","Joinville","Gloria","Apartamento","0","Internet (redes sociais, sites oficiais)","Vírus","Picada do mosquito Aedes Aegypt","Febre;Dores no corpo;Manchas pelo corpo","Usar repelente","Não deixar água parada em garrafas, vasos de planta e pneus;Manter lixeiras tampadas e protegidas da chuva;Retirar água de plantas que acumulam água, como as bromélias;Limpar as calhas;Descartar adequadamente objetos que acumulam água","Nunca tive dengue","3","4","Às vezes","Pouco preocupado","Certamente tomaria"
"2024/03/15 12:22:01 PM GMT-3","48","Feminino","Superior completo","Trabalho","4 a 6 salários mínimos","Nenhuma","Sim","Santa Catarina ","Joinville","Floresta","Casa","3","Amigos e familiares","Parasita","Picada do mosquito Aedes Aegypt","Dores no corpo;Manchas pelo corpo","Usar repelente;Tomar uma vacina","Não deixar água parada em garrafas, vasos de planta e pneus;Manter lixeiras tampadas e protegidas da chuva;Retirar água de plantas que acumulam água, como as bromélias;Limpar as calhas;Descartar adequadamente objetos que acumulam água","Nunca tive dengue","5","5","Sempre","Extremamente preocupado","Certamente tomaria"
"2024/03/15 12:45:17 PM GMT-3","22","Masculino","Médio completo","Trabalho;Estudo","4 a 6 salários mínimos","Nenhuma","Sim","SC","JOINVILLE","COSTA E SILVA","Apartamento","1","Internet (redes sociais, sites oficiais)","Vírus","Picada do mosquito Aedes Aegypt","Febre;Dores no corpo;Manchas pelo corpo","Usar repelente;Tomar uma vacina","Não deixar água parada em garrafas, vasos de planta e pneus;Manter lixeiras tampadas e protegidas da chuva;Retirar água de plantas que acumulam água, como as bromélias;Limpar as calhas;Descartar adequadamente objetos que acumulam água","Nunca tive dengue","5","4","Às vezes","Moderadamente preocupado","Certamente tomaria"
"2024/03/15 12:57:40 PM GMT-3","42","Masculino","Superior completo","Trabalho","4 a 6 salários mínimos","Nenhuma","Sim","Sc","Joinville ","Santo Antônio ","Casa","3","Internet (redes sociais, sites oficiais)","Parasita","Picada do mosquito Aedes Aegypt","Febre;Dores no corpo","Usar repelente;Tomar uma vacina","Não deixar água parada em garrafas, vasos de planta e pneus;Manter lixeiras tampadas e protegidas da chuva;Retirar água de plantas que acumulam água, como as bromélias;Limpar as calhas;Descartar adequadamente objetos que acumulam água","Nunca tive dengue","5","4","Frequentemente","Muito preocupado","Certamente tomaria"
"2024/03/15 1:29:59 PM GMT-3","38","Masculino","Superior completo","Trabalho","Prefiro não informar","Nenhuma","Sim","Santa Catarina ","Joinville","Iririú ","Casa","1","Internet (redes sociais, sites oficiais)","Vírus","Picada do mosquito Aedes Aegypt","Febre;Dores no corpo;Manchas pelo corpo","Usar repelente","Não deixar água parada em garrafas, vasos de planta e pneus;Manter lixeiras tampadas e protegidas da chuva;Retirar água de plantas que acumulam água, como as bromélias;Limpar as calhas;Descartar adequadamente objetos que acumulam água","Nunca tive dengue","4","3","Nunca","Muito preocupado","Talvez tomaria"
"2024/03/15 1:31:51 PM GMT-3","41","Feminino","Médio completo","Trabalho","1 a 3 salários mínimos","Uma","Sim","Santa Catarina ","Joinville ","Aventureiro ","Casa","5","Profissionais de saúde","Vírus","Picada do mosquito Aedes Aegypt","Febre;Dores no corpo;Manchas pelo corpo","Usar repelente;Tomar uma vacina","Não deixar água parada em garrafas, vasos de planta e pneus;Retirar água de plantas que acumulam água, como as bromélias;Limpar as calhas","Satisfatório","4","3","Sempre","Extremamente preocupado","Talvez tomaria"
"2024/03/15 1:49:49 PM GMT-3","55 anos","Masculino","Superior completo","Trabalho","1 a 3 salários mínimos","Nenhuma","Sim","Paraná ","Colombo","Jardim osasco","Casa","Uma","Amigos e familiares","Vírus","Picada do mosquito Aedes Aegypt","Febre;Dores no corpo;Manchas pelo corpo;Dor de garganta","Tomar uma vacina","Não deixar água parada em garrafas, vasos de planta e pneus;Manter lixeiras tampadas e protegidas da chuva;Retirar água de plantas que acumulam água, como as bromélias;Limpar as calhas;Descartar adequadamente objetos que acumulam água","Moderadamente satisfatório","3","3","Às vezes","Moderadamente preocupado","Certamente tomaria"
"2024/03/15 2:55:19 PM GMT-3","55 anos ","Feminino","Superior completo","Estudo","Até 1 salário mínimo","Nenhuma","Sim","Santa Catarina ","Joinville ","Costa e Silva ","Casa","4","Internet (redes sociais, sites oficiais)","Vírus","Picada do mosquito Aedes Aegypt","Febre;Dores no corpo;Perda do olfato e paladar;Manchas pelo corpo","Usar repelente","Não deixar água parada em garrafas, vasos de planta e pneus;Manter lixeiras tampadas e protegidas da chuva;Retirar água de plantas que acumulam água, como as bromélias;Limpar as calhas;Descartar adequadamente objetos que acumulam água","Nunca tive dengue","4","3","Sempre","Moderadamente preocupado","Não tomaria"
"2024/03/15 3:19:25 PM GMT-3","35 anos","Feminino","Superior completo","","Prefiro não informar","Nenhuma","Sim","Santa Catarina ","Joinville ","Aventureiro ","Casa","3","Mídia tradicional (TV, rádio, jornal)","Vírus","Picada do mosquito Aedes Aegypt","Febre;Dores no corpo;Manchas pelo corpo","Usar repelente","Não deixar água parada em garrafas, vasos de planta e pneus;Manter lixeiras tampadas e protegidas da chuva;Retirar água de plantas que acumulam água, como as bromélias;Limpar as calhas;Descartar adequadamente objetos que acumulam água","Nunca tive dengue","5","3","Sempre","Muito preocupado","Talvez tomaria"
"2024/03/15 3:33:51 PM GMT-3","24","Masculino","Médio completo","Trabalho;Estudo","1 a 3 salários mínimos","Nenhuma","Sim","Goiás","Goiânia","Setor marista","Casa","2","Internet (redes sociais, sites oficiais)","Vírus","Picada do mosquito Aedes Aegypt","Febre;Dores no corpo","Usar repelente","Não deixar água parada em garrafas, vasos de planta e pneus;Manter lixeiras tampadas e protegidas da chuva;Retirar água de plantas que acumulam água, como as bromélias;Limpar as calhas;Descartar adequadamente objetos que acumulam água","Nunca tive dengue","2","1","Às vezes","Pouco preocupado","Não tomaria"
"2024/03/15 3:40:05 PM GMT-3","20","Feminino","Médio completo","Estudo","1 a 3 salários mínimos","Uma","Sim","Santa Catarina - SC","Joinville","Costa e Silva","Casa","2","Mídia tradicional (TV, rádio, jornal)","Vírus","Picada do mosquito Aedes Aegypt","Febre;Dores no corpo;Perda do olfato e paladar;Manchas pelo corpo","Usar repelente;Tomar uma vacina","Não deixar água parada em garrafas, vasos de planta e pneus;Manter lixeiras tampadas e protegidas da chuva;Retirar água de plantas que acumulam água, como as bromélias;Limpar as calhas;Descartar adequadamente objetos que acumulam água","Muito satisfatório","3","2","Sempre","Nada preocupado","Certamente tomaria"
"2024/03/15 4:21:07 PM GMT-3","41","Masculino","Médio completo","Trabalho","1 a 3 salários mínimos","Nenhuma","Não","Santa catarina","Balneário barra do sul ","Costeira","Casa","4","Profissionais de saúde","Vírus","Picada do mosquito Aedes Aegypt","Febre;Dores no corpo;Manchas pelo corpo","Usar repelente","Não deixar água parada em garrafas, vasos de planta e pneus;Manter lixeiras tampadas e protegidas da chuva;Retirar água de plantas que acumulam água, como as bromélias;Limpar as calhas;Descartar adequadamente objetos que acumulam água","Nunca tive dengue","1","5","Nunca","Nada preocupado","Certamente tomaria"
"2024/03/15 4:30:07 PM GMT-3","27","Masculino","Superior completo","Trabalho","Até 1 salário mínimo","Nenhuma","Sim","RJ","rio de janeiro","cidade universitaria","Casa","5","Amigos e familiares","Bactéria","Picada do mosquito Aedes Aegypt","Febre;Dores no corpo;Tosse","Usar repelente","Não deixar água parada em garrafas, vasos de planta e pneus;Manter lixeiras tampadas e protegidas da chuva;Retirar água de plantas que acumulam água, como as bromélias;Limpar as calhas;Descartar adequadamente objetos que acumulam água","Nunca tive dengue","3","2","Às vezes","Pouco preocupado","Certamente tomaria"
"2024/03/16 8:24:25 AM GMT-3","20","Feminino","Médio completo","Trabalho;Estudo","1 a 3 salários mínimos","Nenhuma","Sim","goiás ","aparecida de goiânia ","cidade livre ","Casa","3","Internet (redes sociais, sites oficiais)","Vírus","Picada do mosquito Aedes Aegypt","Febre;Dores no corpo;Manchas pelo corpo","Tomar uma vacina","Não deixar água parada em garrafas, vasos de planta e pneus;Manter lixeiras tampadas e protegidas da chuva;Retirar água de plantas que acumulam água, como as bromélias;Limpar as calhas;Descartar adequadamente objetos que acumulam água","Nunca tive dengue","3","2","Frequentemente","Moderadamente preocupado","Certamente tomaria"
"2024/03/16 2:20:43 PM GMT-3","50","Masculino","Fundamental incompleto","Trabalho","4 a 6 salários mínimos","Uma","Sim","Santa Catarina ","Joinville ","Aventureiro ","Casa","2","Amigos e familiares","Vírus","Picada do mosquito Aedes Aegypt","Febre;Dores no corpo;Manchas pelo corpo","Usar protetor solar","Não deixar água parada em garrafas, vasos de planta e pneus;Manter lixeiras tampadas e protegidas da chuva;Retirar água de plantas que acumulam água, como as bromélias;Limpar as calhas;Descartar adequadamente objetos que acumulam água","Moderadamente satisfatório","4","3","Frequentemente","Extremamente preocupado","Certamente tomaria"
"2024/03/16 2:42:42 PM GMT-3","35","Feminino","Superior completo","Trabalho","Prefiro não informar","Nenhuma","Não","Santa Catarina ","Joinville ","Centro ","Apartamento","1 ","Internet (redes sociais, sites oficiais)","Parasita","Picada do mosquito Aedes Aegypt","Febre;Dores no corpo;Manchas pelo corpo","Usar repelente","Não deixar água parada em garrafas, vasos de planta e pneus;Manter lixeiras tampadas e protegidas da chuva;Retirar água de plantas que acumulam água, como as bromélias;Limpar as calhas;Descartar adequadamente objetos que acumulam água","Nunca tive dengue","4","3","Frequentemente","Moderadamente preocupado","Não tomaria"
"2024/03/16 4:14:56 PM GMT-3","53 anos ","Feminino","Superior completo","Trabalho","1 a 3 salários mínimos","Três ou mais","Sim","Santa Catarina ","Joinville ","Saguaçú ","Apartamento","1","Amigos e familiares","Parasita","Picada do mosquito Aedes Aegypt","Febre;Dores no corpo;Manchas pelo corpo","Usar repelente","Não deixar água parada em garrafas, vasos de planta e pneus;Manter lixeiras tampadas e protegidas da chuva;Retirar água de plantas que acumulam água, como as bromélias;Limpar as calhas;Descartar adequadamente objetos que acumulam água","Satisfatório","4","3","Às vezes","Extremamente preocupado","Talvez tomaria"
"2024/03/16 4:35:02 PM GMT-3","49","Feminino","Superior completo","Trabalho","1 a 3 salários mínimos","Nenhuma","Sim","Santa Catarina ","Joinville ","Guanabara ","Casa","0","Internet (redes sociais, sites oficiais)","Parasita","Picada do mosquito Aedes Aegypt","Febre;Dores no corpo;Manchas pelo corpo;Dor de garganta","Usar repelente","Não deixar água parada em garrafas, vasos de planta e pneus;Manter lixeiras tampadas e protegidas da chuva;Retirar água de plantas que acumulam água, como as bromélias;Limpar as calhas;Descartar adequadamente objetos que acumulam água","Nunca tive dengue","5","3","Frequentemente","Moderadamente preocupado","Certamente tomaria"
"2024/03/16 7:39:19 PM GMT-3","58 anos","Masculino","Superior completo","Trabalho","Prefiro não informar","Nenhuma","Sim","Santa Catarina ","Joinville ","Saguaçu ","Apartamento","1","Internet (redes sociais, sites oficiais)","Vírus","Picada do mosquito Aedes Aegypt","Febre;Dores no corpo;Manchas pelo corpo","Usar repelente;Tomar uma vacina","Não deixar água parada em garrafas, vasos de planta e pneus;Manter lixeiras tampadas e protegidas da chuva;Retirar água de plantas que acumulam água, como as bromélias;Limpar as calhas;Descartar adequadamente objetos que acumulam água","Nunca tive dengue","5","2","Sempre","Moderadamente preocupado","Não tomaria"
"2024/03/17 7:41:21 AM GMT-3","45","Masculino","Médio completo","Trabalho","4 a 6 salários mínimos","Uma","Sim","Santa Catarina ","Joinville ","Bom Retiro ","Casa","2","Internet (redes sociais, sites oficiais)","Vírus","Picada do mosquito Aedes Aegypt","Febre;Dores no corpo;Manchas pelo corpo","Usar repelente","Não deixar água parada em garrafas, vasos de planta e pneus;Manter lixeiras tampadas e protegidas da chuva;Retirar água de plantas que acumulam água, como as bromélias;Limpar as calhas;Descartar adequadamente objetos que acumulam água","Insatisfatório","5","1","Sempre","Muito preocupado","Talvez tomaria"
"2024/03/17 11:12:43 AM GMT-3","38","Masculino","Superior completo","Trabalho","4 a 6 salários mínimos","Nenhuma","Sim","Sc","Araquari ","Itinga","Casa","3 pessoas ","Mídia tradicional (TV, rádio, jornal)","Parasita","Picada do mosquito Tsé-Tsé","Febre;Dores no corpo;Manchas pelo corpo","Usar repelente;Tomar uma vacina","Não deixar água parada em garrafas, vasos de planta e pneus;Manter lixeiras tampadas e protegidas da chuva;Limpar as calhas","Nunca tive dengue","2","4","Sempre","Muito preocupado","Certamente tomaria"
"2024/03/18 4:35:47 PM GMT-3","20","Masculino","Médio completo","Trabalho;Estudo","1 a 3 salários mínimos","Uma","Sim","SC","Joinville","Anita Garibaldi","Casa","3","Internet (redes sociais, sites oficiais)","Vírus","Ingestão de água ou alimentos contaminados;Picada do mosquito Aedes Aegypt","Febre;Dores no corpo","Usar repelente;Tomar uma vacina","Não deixar água parada em garrafas, vasos de planta e pneus;Manter lixeiras tampadas e protegidas da chuva;Retirar água de plantas que acumulam água, como as bromélias;Limpar as calhas","Satisfatório","5","3","Nunca","Pouco preocupado","Talvez tomaria"
"2024/03/21 9:24:28 PM GMT-3","20","Masculino","Superior completo","Trabalho","4 a 6 salários mínimos","Nenhuma","Sim","SP","SP","Lauzane","Casa","3","Internet (redes sociais, sites oficiais)","Bactéria","Picada do mosquito Aedes Aegypt","Febre;Dores no corpo;Manchas pelo corpo;Tosse;Dor de garganta","Tomar uma vacina","Não deixar água parada em garrafas, vasos de planta e pneus","Moderadamente satisfatório","5","2","Raramente","Pouco preocupado","Talvez tomaria"
"2024/03/28 7:22:16 PM GMT-3","40","Masculino","Superior completo","Trabalho;Estudo","Prefiro não informar","Nenhuma","Não","SC","Joinville","Glória","Apartamento","1","Mídia tradicional (TV, rádio, jornal)","Vírus","Picada do mosquito Aedes Aegypt","Febre;Dores no corpo;Manchas pelo corpo","Usar repelente;Tomar uma vacina","Não deixar água parada em garrafas, vasos de planta e pneus;Manter lixeiras tampadas e protegidas da chuva;Retirar água de plantas que acumulam água, como as bromélias;Limpar as calhas;Descartar adequadamente objetos que acumulam água","Nunca tive dengue","4","3","Sempre","Muito preocupado","Certamente tomaria"